[10Aug2026 18:04:21.299] [main/INFO] [cpw.mods.modlauncher.Launcher/MODLAUNCHER]: ModLauncher running: args [--launchTarget, forgeclientdev, --version, 21.1.232, --assetIndex, 17, --assetsDir, C:\\Users\\29406\\.mcreator\\gradle\\caches\\neoformruntime\\assets, --gameDir, ., --fml.fmlVersion, 4.0.42, --fml.mcVersion, 1.21.1, --fml.neoForgeVersion, 21.1.232, --fml.neoFormVersion, 20240808.144430]
[10Aug2026 18:04:21.306] [main/INFO] [cpw.mods.modlauncher.Launcher/MODLAUNCHER]: JVM identified as Eclipse Adoptium OpenJDK 64-Bit Server VM 21.0.11+10-LTS
[10Aug2026 18:04:21.309] [main/INFO] [cpw.mods.modlauncher.Launcher/MODLAUNCHER]: ModLauncher 11.0.5+main.901c6ea8 starting: java version 21.0.11 by Eclipse Adoptium; OS Windows 11 arch amd64 version 10.0
[10Aug2026 18:04:21.358] [main/DEBUG] [cpw.mods.modlauncher.LaunchServiceHandler/MODLAUNCHER]: Found launch services [minecraft,forgeclient,forgedatauserdev,testharness,forgeserverdev,forgeserveruserdev,forgejunitdev,forgeclientdev,forgeclientuserdev,forgeserver,forgejunituserdev,forgedatadev]
[10Aug2026 18:04:21.404] [main/DEBUG] [cpw.mods.modlauncher.LaunchPluginHandler/MODLAUNCHER]: Found launch plugins: [mixin,slf4jfixer,runtime_enum_extender,accesstransformer,runtimedistcleaner]
[10Aug2026 18:04:21.426] [main/DEBUG] [cpw.mods.modlauncher.TransformationServicesHandler/MODLAUNCHER]: Discovering transformation services
[10Aug2026 18:04:21.435] [main/DEBUG] [net.neoforged.fml.loading.FMLPaths/CORE]: Path GAMEDIR is C:\Users\29406\MCreatorWorkspaces\immersion_in_traffic_context\run
[10Aug2026 18:04:21.436] [main/DEBUG] [net.neoforged.fml.loading.FMLPaths/CORE]: Path MODSDIR is C:\Users\29406\MCreatorWorkspaces\immersion_in_traffic_context\run\mods
[10Aug2026 18:04:21.436] [main/DEBUG] [net.neoforged.fml.loading.FMLPaths/CORE]: Path CONFIGDIR is C:\Users\29406\MCreatorWorkspaces\immersion_in_traffic_context\run\config
[10Aug2026 18:04:21.436] [main/DEBUG] [net.neoforged.fml.loading.FMLPaths/CORE]: Path FMLCONFIG is C:\Users\29406\MCreatorWorkspaces\immersion_in_traffic_context\run\config\fml.toml
[10Aug2026 18:04:21.526] [main/DEBUG] [net.neoforged.fml.loading.targets.CommonLaunchHandler/CORE]: Got mod coordinates mcreator%%C:\Users\29406\MCreatorWorkspaces\immersion_in_traffic_context\build\classes\java\main;mcreator%%C:\Users\29406\MCreatorWorkspaces\immersion_in_traffic_context\build\resources\main from env
[10Aug2026 18:04:21.529] [main/DEBUG] [net.neoforged.fml.loading.targets.CommonLaunchHandler/CORE]: Found supplied mod coordinates [{mcreator=[C:\Users\29406\MCreatorWorkspaces\immersion_in_traffic_context\build\classes\java\main, C:\Users\29406\MCreatorWorkspaces\immersion_in_traffic_context\build\resources\main]}]
[10Aug2026 18:04:21.537] [main/DEBUG] [cpw.mods.modlauncher.TransformationServicesHandler/MODLAUNCHER]: Found additional transformation services from discovery services: 
[10Aug2026 18:04:21.550] [main/INFO] [net.neoforged.fml.loading.ImmediateWindowHandler/]: Loading ImmediateWindowProvider fmlearlywindow
[10Aug2026 18:04:21.705] [main/INFO] [EARLYDISPLAY/]: Trying GL version 4.6
[10Aug2026 18:04:22.204] [main/INFO] [EARLYDISPLAY/]: Requested GL version 4.6 got version 4.6
[10Aug2026 18:04:22.299] [main/DEBUG] [cpw.mods.modlauncher.TransformationServicesHandler/MODLAUNCHER]: Found transformer services : [mixin,fml]
[10Aug2026 18:04:22.300] [main/DEBUG] [cpw.mods.modlauncher.TransformationServicesHandler/MODLAUNCHER]: Transformation services loading
[10Aug2026 18:04:22.300] [main/DEBUG] [cpw.mods.modlauncher.TransformationServiceDecorator/MODLAUNCHER]: Loading service mixin
[10Aug2026 18:04:22.301] [main/DEBUG] [cpw.mods.modlauncher.TransformationServiceDecorator/MODLAUNCHER]: Loaded service mixin
[10Aug2026 18:04:22.302] [main/DEBUG] [cpw.mods.modlauncher.TransformationServiceDecorator/MODLAUNCHER]: Loading service fml
[10Aug2026 18:04:22.303] [main/DEBUG] [net.neoforged.fml.loading.FMLLoader/CORE]: FML 4.0.42 loading
[10Aug2026 18:04:22.304] [main/DEBUG] [net.neoforged.fml.loading.FMLLoader/CORE]: FML found ModLauncher version : 11.0.5+main.901c6ea8
[10Aug2026 18:04:22.305] [main/DEBUG] [net.neoforged.fml.loading.FMLLoader/CORE]: FML found AccessTransformer version : 10.0.1+139da711
[10Aug2026 18:04:22.306] [main/DEBUG] [net.neoforged.fml.loading.FMLLoader/CORE]: FML found EventBus version : null
[10Aug2026 18:04:22.308] [main/DEBUG] [net.neoforged.fml.loading.FMLLoader/CORE]: Found Runtime Dist Cleaner
[10Aug2026 18:04:22.309] [main/DEBUG] [cpw.mods.modlauncher.TransformationServiceDecorator/MODLAUNCHER]: Loaded service fml
[10Aug2026 18:04:22.311] [main/DEBUG] [cpw.mods.modlauncher.TransformationServicesHandler/MODLAUNCHER]: Configuring option handling for services
[10Aug2026 18:04:22.340] [main/DEBUG] [net.neoforged.fml.loading.FMLServiceProvider/CORE]: Received command line version data  : VersionInfo[neoForgeVersion=21.1.232, fmlVersion=4.0.42, mcVersion=1.21.1, neoFormVersion=20240808.144430]
[10Aug2026 18:04:22.340] [main/DEBUG] [cpw.mods.modlauncher.TransformationServicesHandler/MODLAUNCHER]: Transformation services initializing
[10Aug2026 18:04:22.341] [main/DEBUG] [cpw.mods.modlauncher.TransformationServiceDecorator/MODLAUNCHER]: Initializing transformation service mixin
[10Aug2026 18:04:22.370] [main/DEBUG] [mixin/]: MixinService [ModLauncher] was successfully booted in cpw.mods.cl.ModuleClassLoader@7770f470
[10Aug2026 18:04:22.397] [main/INFO] [mixin/]: SpongePowered MIXIN Subsystem Version=0.8.7 Source=union:/C:/Users/29406/.mcreator/gradle/caches/modules-2/files-2.1/net.fabricmc/sponge-mixin/0.15.2+mixin.0.8.7/2af2f021d8e02a0220dc27a7a72b4666d66d44ca/sponge-mixin-0.15.2+mixin.0.8.7.jar%23138!/ Service=ModLauncher Env=CLIENT
[10Aug2026 18:04:22.448] [main/DEBUG] [mixin/]: Initialising Mixin Platform Manager
[10Aug2026 18:04:22.449] [main/DEBUG] [mixin/]: Adding mixin platform agents for container ModLauncher Root Container(ModLauncher:4f56a0a2)
[10Aug2026 18:04:22.450] [main/DEBUG] [mixin/]: Instancing new MixinPlatformAgentMinecraftForge for ModLauncher Root Container(ModLauncher:4f56a0a2)
[10Aug2026 18:04:22.452] [main/DEBUG] [mixin/]: MixinPlatformAgentMinecraftForge rejected container ModLauncher Root Container(ModLauncher:4f56a0a2)
[10Aug2026 18:04:22.452] [main/DEBUG] [mixin/]: Instancing new MixinPlatformAgentDefault for ModLauncher Root Container(ModLauncher:4f56a0a2)
[10Aug2026 18:04:22.453] [main/DEBUG] [mixin/]: MixinPlatformAgentDefault accepted container ModLauncher Root Container(ModLauncher:4f56a0a2)
[10Aug2026 18:04:22.457] [main/DEBUG] [cpw.mods.modlauncher.TransformationServiceDecorator/MODLAUNCHER]: Initialized transformation service mixin
[10Aug2026 18:04:22.457] [main/DEBUG] [cpw.mods.modlauncher.TransformationServiceDecorator/MODLAUNCHER]: Initializing transformation service fml
[10Aug2026 18:04:22.457] [main/DEBUG] [net.neoforged.fml.loading.FMLServiceProvider/CORE]: Setting up basic FML game directories
[10Aug2026 18:04:22.459] [main/DEBUG] [net.neoforged.fml.loading.FMLPaths/CORE]: Path GAMEDIR is C:\Users\29406\MCreatorWorkspaces\immersion_in_traffic_context\run
[10Aug2026 18:04:22.459] [main/DEBUG] [net.neoforged.fml.loading.FMLPaths/CORE]: Path MODSDIR is C:\Users\29406\MCreatorWorkspaces\immersion_in_traffic_context\run\mods
[10Aug2026 18:04:22.459] [main/DEBUG] [net.neoforged.fml.loading.FMLPaths/CORE]: Path CONFIGDIR is C:\Users\29406\MCreatorWorkspaces\immersion_in_traffic_context\run\config
[10Aug2026 18:04:22.460] [main/DEBUG] [net.neoforged.fml.loading.FMLPaths/CORE]: Path FMLCONFIG is C:\Users\29406\MCreatorWorkspaces\immersion_in_traffic_context\run\config\fml.toml
[10Aug2026 18:04:22.460] [main/DEBUG] [net.neoforged.fml.loading.FMLServiceProvider/CORE]: Loading configuration
[10Aug2026 18:04:22.467] [main/DEBUG] [net.neoforged.fml.loading.FMLServiceProvider/CORE]: Preparing launch handler
[10Aug2026 18:04:22.469] [main/DEBUG] [net.neoforged.fml.loading.FMLLoader/CORE]: Using forgeclientdev as launch service
[10Aug2026 18:04:22.473] [main/DEBUG] [cpw.mods.modlauncher.TransformationServiceDecorator/MODLAUNCHER]: Initialized transformation service fml
[10Aug2026 18:04:22.473] [main/DEBUG] [cpw.mods.modlauncher.TransformationServicesHandler/MODLAUNCHER]: Transformation services begin scanning
[10Aug2026 18:04:22.474] [main/DEBUG] [cpw.mods.modlauncher.TransformationServiceDecorator/MODLAUNCHER]: Beginning scan trigger - transformation service mixin
[10Aug2026 18:04:22.475] [main/DEBUG] [cpw.mods.modlauncher.TransformationServiceDecorator/MODLAUNCHER]: End scan trigger - transformation service mixin
[10Aug2026 18:04:22.476] [main/DEBUG] [cpw.mods.modlauncher.TransformationServiceDecorator/MODLAUNCHER]: Beginning scan trigger - transformation service fml
[10Aug2026 18:04:22.476] [main/DEBUG] [net.neoforged.fml.loading.FMLServiceProvider/CORE]: Initiating mod scan
[10Aug2026 18:04:22.477] [main/DEBUG] [net.neoforged.fml.loading.targets.CommonLaunchHandler/CORE]: Got mod coordinates mcreator%%C:\Users\29406\MCreatorWorkspaces\immersion_in_traffic_context\build\classes\java\main;mcreator%%C:\Users\29406\MCreatorWorkspaces\immersion_in_traffic_context\build\resources\main from env
[10Aug2026 18:04:22.477] [main/DEBUG] [net.neoforged.fml.loading.targets.CommonLaunchHandler/CORE]: Found supplied mod coordinates [{mcreator=[C:\Users\29406\MCreatorWorkspaces\immersion_in_traffic_context\build\classes\java\main, C:\Users\29406\MCreatorWorkspaces\immersion_in_traffic_context\build\resources\main]}]
[10Aug2026 18:04:22.481] [main/DEBUG] [net.neoforged.fml.loading.targets.CommonDevLaunchHandler/]: Launching with NeoForge from C:\Users\29406\MCreatorWorkspaces\immersion_in_traffic_context\build\moddev\artifacts\neoforge-21.1.232.jar
[10Aug2026 18:04:22.509] [main/DEBUG] [net.neoforged.fml.util.ServiceLoaderUtil/CORE]: Found 4 implementations of IModFileCandidateLocator:
[10Aug2026 18:04:22.512] [main/DEBUG] [net.neoforged.fml.util.ServiceLoaderUtil/CORE]: 	       0 - [built-in] net.neoforged.fml.loading.moddiscovery.locators.NeoForgeDevProvider from loader-4.0.42.jar
[10Aug2026 18:04:22.513] [main/DEBUG] [net.neoforged.fml.util.ServiceLoaderUtil/CORE]: 	       0 - net.neoforged.fml.loading.moddiscovery.locators.ModsFolderLocator from loader-4.0.42.jar
[10Aug2026 18:04:22.513] [main/DEBUG] [net.neoforged.fml.util.ServiceLoaderUtil/CORE]: 	       0 - net.neoforged.fml.loading.moddiscovery.locators.MavenDirectoryLocator from loader-4.0.42.jar
[10Aug2026 18:04:22.514] [main/DEBUG] [net.neoforged.fml.util.ServiceLoaderUtil/CORE]: 	   -1000 - [built-in] net.neoforged.fml.loading.moddiscovery.locators.UserdevLocator from loader-4.0.42.jar
[10Aug2026 18:04:22.517] [main/DEBUG] [net.neoforged.fml.util.ServiceLoaderUtil/CORE]: Found 2 implementations of IModFileReader:
[10Aug2026 18:04:22.518] [main/DEBUG] [net.neoforged.fml.util.ServiceLoaderUtil/CORE]: 	       0 - net.neoforged.fml.loading.moddiscovery.readers.JarModsDotTomlModFileReader from loader-4.0.42.jar
[10Aug2026 18:04:22.519] [main/DEBUG] [net.neoforged.fml.util.ServiceLoaderUtil/CORE]: 	   -1000 - net.neoforged.fml.loading.moddiscovery.readers.NestedLibraryModReader from loader-4.0.42.jar
[10Aug2026 18:04:22.522] [main/DEBUG] [net.neoforged.fml.util.ServiceLoaderUtil/CORE]: Found 1 implementations of IDependencyLocator:
[10Aug2026 18:04:22.523] [main/DEBUG] [net.neoforged.fml.util.ServiceLoaderUtil/CORE]: 	       0 - net.neoforged.fml.loading.moddiscovery.locators.JarInJarDependencyLocator from loader-4.0.42.jar
[10Aug2026 18:04:22.600] [pool-2-thread-1/INFO] [EARLYDISPLAY/]: GL info: NVIDIA GeForce GTX 1060 3GB/PCIe/SSE2 GL version 4.6.0 NVIDIA 582.66, NVIDIA Corporation
[10Aug2026 18:04:22.712] [main/DEBUG] [net.neoforged.fml.loading.moddiscovery.ModFileInfo/LOADING]: Found valid mod file neoforge-21.1.232.jar with {minecraft} mods - versions {1.21.1}
[10Aug2026 18:04:22.736] [main/DEBUG] [net.neoforged.fml.loading.moddiscovery.ModFileParser/LOADING]: Considering mod file candidate C:\Users\29406\MCreatorWorkspaces\immersion_in_traffic_context\build\moddev\artifacts\neoforge-21.1.232.jar
[10Aug2026 18:04:22.773] [main/DEBUG] [net.neoforged.fml.loading.moddiscovery.ModFileInfo/LOADING]: Found valid mod file neoforge-21.1.232.jar with {neoforge} mods - versions {21.1.232}
[10Aug2026 18:04:22.782] [main/DEBUG] [net.neoforged.fml.loading.moddiscovery.ModListHandler/CORE]: Found mod coordinates from lists: []
[10Aug2026 18:04:22.786] [main/DEBUG] [net.neoforged.fml.loading.moddiscovery.ModFileParser/LOADING]: Considering mod file candidate C:\Users\29406\MCreatorWorkspaces\immersion_in_traffic_context\build\classes\java\main
[10Aug2026 18:04:22.795] [main/DEBUG] [net.neoforged.fml.loading.moddiscovery.ModFileInfo/LOADING]: Found valid mod file main with {immersion_in_traffic_context} mods - versions {1.21.1.4.0.0}
[10Aug2026 18:04:22.818] [main/DEBUG] [net.neoforged.fml.loading.moddiscovery.ModFileParser/LOADING]: Considering mod file candidate C:\Users\29406\MCreatorWorkspaces\immersion_in_traffic_context\build\moddev\artifacts\neoforge-21.1.232.jar
[10Aug2026 18:04:22.821] [main/DEBUG] [net.neoforged.fml.loading.moddiscovery.ModFileInfo/LOADING]: Found valid mod file neoforge-21.1.232.jar with {neoforge} mods - versions {21.1.232}
[10Aug2026 18:04:22.833] [main/DEBUG] [net.neoforged.fml.loading.moddiscovery.ModFileParser/LOADING]: Considering mod file candidate C:\Users\29406\.mcreator\gradle\caches\modules-2\files-2.1\mezz.jei\jei-1.21.1-neoforge\19.21.0.247\4d9ed6b03c67148ffe7406a84deb168a632e0a60\jei-1.21.1-neoforge-19.21.0.247.jar
[10Aug2026 18:04:22.840] [main/DEBUG] [net.neoforged.fml.loading.moddiscovery.ModFileInfo/LOADING]: Found valid mod file jei-1.21.1-neoforge-19.21.0.247.jar with {jei} mods - versions {19.21.0.247}
[10Aug2026 18:04:22.923] [main/DEBUG] [net.neoforged.fml.loading.moddiscovery.ModDiscoverer/]: Skipping C:\Users\29406\.mcreator\gradle\caches\modules-2\files-2.1\net.neoforged.fancymodloader\earlydisplay\4.0.42\46555dbfff14e9e052f1f693aed14d542a74e111\earlydisplay-4.0.42.jar because it was already located earlier
[10Aug2026 18:04:22.923] [main/DEBUG] [net.neoforged.fml.loading.moddiscovery.ModDiscoverer/]: Skipping C:\Users\29406\.mcreator\gradle\caches\modules-2\files-2.1\net.neoforged.fancymodloader\loader\4.0.42\76e15f98bf676fb44b36c5e776f52a55581ec43a\loader-4.0.42.jar because it was already located earlier
[10Aug2026 18:04:22.924] [main/DEBUG] [net.neoforged.fml.loading.moddiscovery.ModDiscoverer/]: Skipping C:\Users\29406\.mcreator\gradle\caches\modules-2\files-2.1\net.neoforged.accesstransformers\at-modlauncher\10.0.1\5aba50202aceead086bc09fbc2751c9f05cb4890\at-modlauncher-10.0.1.jar because it was already located earlier
[10Aug2026 18:04:22.924] [main/DEBUG] [net.neoforged.fml.loading.moddiscovery.ModDiscoverer/]: Skipping C:\Users\29406\.mcreator\gradle\caches\modules-2\files-2.1\net.neoforged\accesstransformers\10.0.1\fd83b5725f76eae9115e9355fa1c456a6a441400\accesstransformers-10.0.1.jar because it was already located earlier
[10Aug2026 18:04:22.924] [main/DEBUG] [net.neoforged.fml.loading.moddiscovery.ModDiscoverer/]: Skipping C:\Users\29406\.mcreator\gradle\caches\modules-2\files-2.1\net.neoforged\bus\8.0.5\5b2d33285ab5d1554e9798ad98c40d6ea3868bd5\bus-8.0.5.jar because it was already located earlier
[10Aug2026 18:04:22.924] [main/DEBUG] [net.neoforged.fml.loading.moddiscovery.ModDiscoverer/]: Skipping C:\Users\29406\.mcreator\gradle\caches\modules-2\files-2.1\net.neoforged\coremods\7.0.3\9147e6f638b4272b3bd5fc8f92ad37802512c6c\coremods-7.0.3.jar because it was already located earlier
[10Aug2026 18:04:22.925] [main/DEBUG] [net.neoforged.fml.loading.moddiscovery.ModDiscoverer/]: Skipping C:\Users\29406\.mcreator\gradle\caches\modules-2\files-2.1\cpw.mods\modlauncher\11.0.5\b8f0d49294f733fdb6173931b263553e943dc950\modlauncher-11.0.5.jar because it was already located earlier
[10Aug2026 18:04:22.925] [main/DEBUG] [net.neoforged.fml.loading.moddiscovery.ModDiscoverer/]: Skipping C:\Users\29406\.mcreator\gradle\caches\modules-2\files-2.1\net.neoforged\mergetool\2.0.0\52fe1949be64e3303aabaaa21e315f551db9c9f4\mergetool-2.0.0-api.jar because it was already located earlier
[10Aug2026 18:04:22.925] [main/DEBUG] [net.neoforged.fml.loading.moddiscovery.ModDiscoverer/]: Skipping C:\Users\29406\.mcreator\gradle\caches\modules-2\files-2.1\com.electronwill.night-config\toml\3.8.3\90b2fd6efcb4a7d5b9810cf78f9d824994d717f2\toml-3.8.3.jar because it was already located earlier
[10Aug2026 18:04:22.925] [main/DEBUG] [net.neoforged.fml.loading.moddiscovery.ModDiscoverer/]: Skipping C:\Users\29406\.mcreator\gradle\caches\modules-2\files-2.1\com.electronwill.night-config\core\3.8.3\b442a95f09e349927f5a945ecb594455870fcf4f\core-3.8.3.jar because it was already located earlier
[10Aug2026 18:04:22.926] [main/DEBUG] [net.neoforged.fml.loading.moddiscovery.ModDiscoverer/]: Skipping C:\Users\29406\.mcreator\gradle\caches\modules-2\files-2.1\net.neoforged\JarJarSelector\0.4.1\fb3cc7a58af22ad2880adb98af6d518128c47dae\JarJarSelector-0.4.1.jar because it was already located earlier
[10Aug2026 18:04:22.926] [main/DEBUG] [net.neoforged.fml.loading.moddiscovery.ModDiscoverer/]: Skipping C:\Users\29406\.mcreator\gradle\caches\modules-2\files-2.1\net.neoforged\JarJarMetadata\0.4.1\f8da03683dc81694556dc3e177c5e3bb77ae6fcb\JarJarMetadata-0.4.1.jar because it was already located earlier
[10Aug2026 18:04:22.926] [main/DEBUG] [net.neoforged.fml.loading.moddiscovery.ModDiscoverer/]: Skipping C:\Users\29406\.mcreator\gradle\caches\modules-2\files-2.1\org.apache.maven\maven-artifact\3.8.5\4433f50c07debefaed0553bd0068f4f48d449313\maven-artifact-3.8.5.jar because it was already located earlier
[10Aug2026 18:04:22.927] [main/DEBUG] [net.neoforged.fml.loading.moddiscovery.ModDiscoverer/]: Skipping C:\Users\29406\.mcreator\gradle\caches\modules-2\files-2.1\net.jodah\typetools\0.6.3\a01aaa6ddaea9ec07ec4f209487b7a46a526283a\typetools-0.6.3.jar because it was already located earlier
[10Aug2026 18:04:22.927] [main/DEBUG] [net.neoforged.fml.loading.moddiscovery.ModDiscoverer/]: Skipping C:\Users\29406\.mcreator\gradle\caches\modules-2\files-2.1\net.minecrell\terminalconsoleappender\1.3.0\b562e9bb61235c9520e26282cdee71f8f802d1fc\terminalconsoleappender-1.3.0.jar because it was already located earlier
[10Aug2026 18:04:22.927] [main/DEBUG] [net.neoforged.fml.loading.moddiscovery.ModDiscoverer/]: Skipping C:\Users\29406\.mcreator\gradle\caches\modules-2\files-2.1\net.fabricmc\sponge-mixin\0.15.2+mixin.0.8.7\2af2f021d8e02a0220dc27a7a72b4666d66d44ca\sponge-mixin-0.15.2+mixin.0.8.7.jar because it was already located earlier
[10Aug2026 18:04:22.927] [main/DEBUG] [net.neoforged.fml.loading.moddiscovery.ModDiscoverer/]: Skipping C:\Users\29406\.mcreator\gradle\caches\modules-2\files-2.1\org.openjdk.nashorn\nashorn-core\15.4\f67f5ffaa5f5130cf6fb9b133da00c7df3b532a5\nashorn-core-15.4.jar because it was already located earlier
[10Aug2026 18:04:22.928] [main/DEBUG] [net.neoforged.fml.loading.moddiscovery.ModDiscoverer/]: Skipping C:\Users\29406\.mcreator\gradle\caches\modules-2\files-2.1\org.apache.commons\commons-lang3\3.14.0\1ed471194b02f2c6cb734a0cd6f6f107c673afae\commons-lang3-3.14.0.jar because it was already located earlier
[10Aug2026 18:04:22.928] [main/DEBUG] [net.neoforged.fml.loading.moddiscovery.ModDiscoverer/]: Skipping C:\Users\29406\.mcreator\gradle\caches\modules-2\files-2.1\net.sf.jopt-simple\jopt-simple\5.0.4\4fdac2fbe92dfad86aa6e9301736f6b4342a3f5c\jopt-simple-5.0.4.jar because it was already located earlier
[10Aug2026 18:04:22.928] [main/DEBUG] [net.neoforged.fml.loading.moddiscovery.ModDiscoverer/]: Skipping C:\Users\29406\.mcreator\gradle\caches\modules-2\files-2.1\commons-io\commons-io\2.15.1\f11560da189ab563a5c8e351941415430e9304ea\commons-io-2.15.1.jar because it was already located earlier
[10Aug2026 18:04:22.929] [main/DEBUG] [net.neoforged.fml.loading.moddiscovery.ModDiscoverer/]: Skipping C:\Users\29406\.mcreator\gradle\caches\modules-2\files-2.1\com.mojang\logging\1.2.7\24cb95ffb0e3433fd6e844c04e68009e504ca1c0\logging-1.2.7.jar because it was already located earlier
[10Aug2026 18:04:22.929] [main/DEBUG] [net.neoforged.fml.loading.moddiscovery.ModDiscoverer/]: Skipping C:\Users\29406\.mcreator\gradle\caches\modules-2\files-2.1\org.apache.logging.log4j\log4j-slf4j2-impl\2.22.1\d7e6693c2606cb7e7335047d7bb96dec52db5665\log4j-slf4j2-impl-2.22.1.jar because it was already located earlier
[10Aug2026 18:04:22.929] [main/DEBUG] [net.neoforged.fml.loading.moddiscovery.ModDiscoverer/]: Skipping C:\Users\29406\.mcreator\gradle\caches\modules-2\files-2.1\org.apache.logging.log4j\log4j-core\2.22.1\7183a25510a02ad00cc6a95d3b3d2a7d3c5a8dc4\log4j-core-2.22.1.jar because it was already located earlier
[10Aug2026 18:04:22.929] [main/DEBUG] [net.neoforged.fml.loading.moddiscovery.ModDiscoverer/]: Skipping C:\Users\29406\.mcreator\gradle\caches\modules-2\files-2.1\org.apache.logging.log4j\log4j-api\2.22.1\bea6fede6328fabafd7e68363161a7ea6605abd1\log4j-api-2.22.1.jar because it was already located earlier
[10Aug2026 18:04:22.930] [main/DEBUG] [net.neoforged.fml.loading.moddiscovery.ModDiscoverer/]: Skipping C:\Users\29406\.mcreator\gradle\caches\modules-2\files-2.1\com.google.guava\guava\32.1.2-jre\5e64ec7e056456bef3a4bc4c6fdaef71e8ab6318\guava-32.1.2-jre.jar because it was already located earlier
[10Aug2026 18:04:22.930] [main/DEBUG] [net.neoforged.fml.loading.moddiscovery.ModDiscoverer/]: Skipping C:\Users\29406\.mcreator\gradle\caches\modules-2\files-2.1\com.google.code.gson\gson\2.10.1\b3add478d4382b78ea20b1671390a858002feb6c\gson-2.10.1.jar because it was already located earlier
[10Aug2026 18:04:22.930] [main/DEBUG] [net.neoforged.fml.loading.moddiscovery.ModDiscoverer/]: Skipping C:\Users\29406\.mcreator\gradle\caches\modules-2\files-2.1\org.slf4j\slf4j-api\2.0.9\7cf2726fdcfbc8610f9a71fb3ed639871f315340\slf4j-api-2.0.9.jar because it was already located earlier
[10Aug2026 18:04:22.930] [main/DEBUG] [net.neoforged.fml.loading.moddiscovery.ModDiscoverer/]: Skipping C:\Users\29406\.mcreator\gradle\caches\modules-2\files-2.1\org.antlr\antlr4-runtime\4.13.1\17125bae1d965624e265ef49552f6465a2bfa307\antlr4-runtime-4.13.1.jar because it was already located earlier
[10Aug2026 18:04:22.931] [main/DEBUG] [net.neoforged.fml.loading.moddiscovery.ModDiscoverer/]: Skipping C:\Users\29406\.mcreator\gradle\caches\modules-2\files-2.1\net.minecraftforge\srgutils\0.4.15\ca408b131759478f164e010fae0d73997e125fb5\srgutils-0.4.15.jar because it was already located earlier
[10Aug2026 18:04:22.931] [main/DEBUG] [net.neoforged.fml.loading.moddiscovery.ModDiscoverer/]: Skipping C:\Users\29406\.mcreator\gradle\caches\modules-2\files-2.1\org.codehaus.plexus\plexus-utils\3.3.0\cf43b5391de623b36fe066a21127baef82c64022\plexus-utils-3.3.0.jar because it was already located earlier
[10Aug2026 18:04:22.931] [main/DEBUG] [net.neoforged.fml.loading.moddiscovery.ModDiscoverer/]: Skipping C:\Users\29406\.mcreator\gradle\caches\modules-2\files-2.1\org.jline\jline-reader\3.20.0\8f15415b022a25b473e8e16c28ae913186ffb9c4\jline-reader-3.20.0.jar because it was already located earlier
[10Aug2026 18:04:22.931] [main/DEBUG] [net.neoforged.fml.loading.moddiscovery.ModDiscoverer/]: Skipping C:\Users\29406\.mcreator\gradle\caches\modules-2\files-2.1\com.machinezoo.noexception\noexception\1.7.1\b65330c98e38a1f915fa54a6e5eca496505e3f0a\noexception-1.7.1.jar because it was already located earlier
[10Aug2026 18:04:22.932] [main/DEBUG] [net.neoforged.fml.loading.moddiscovery.ModDiscoverer/]: Skipping C:\Users\29406\.mcreator\gradle\caches\modules-2\files-2.1\com.google.guava\failureaccess\1.0.1\1dcf1de382a0bf95a3d8b0849546c88bac1292c9\failureaccess-1.0.1.jar because it was already located earlier
[10Aug2026 18:04:22.932] [main/DEBUG] [net.neoforged.fml.loading.moddiscovery.ModDiscoverer/]: Skipping C:\Users\29406\.mcreator\gradle\caches\modules-2\files-2.1\com.google.guava\listenablefuture\9999.0-empty-to-avoid-conflict-with-guava\b421526c5f297295adef1c886e5246c39d4ac629\listenablefuture-9999.0-empty-to-avoid-conflict-with-guava.jar because it was already located earlier
[10Aug2026 18:04:22.932] [main/DEBUG] [net.neoforged.fml.loading.moddiscovery.ModDiscoverer/]: Skipping C:\Users\29406\.mcreator\gradle\caches\modules-2\files-2.1\com.google.code.findbugs\jsr305\3.0.2\25ea2e8b0c338a877313bd4672d3fe056ea78f0d\jsr305-3.0.2.jar because it was already located earlier
[10Aug2026 18:04:22.933] [main/DEBUG] [net.neoforged.fml.loading.moddiscovery.ModDiscoverer/]: Skipping C:\Users\29406\.mcreator\gradle\caches\modules-2\files-2.1\org.checkerframework\checker-qual\3.33.0\de2b60b62da487644fc11f734e73c8b0b431238f\checker-qual-3.33.0.jar because it was already located earlier
[10Aug2026 18:04:22.933] [main/DEBUG] [net.neoforged.fml.loading.moddiscovery.ModDiscoverer/]: Skipping C:\Users\29406\.mcreator\gradle\caches\modules-2\files-2.1\com.google.errorprone\error_prone_annotations\2.18.0\89b684257096f548fa39a7df9fdaa409d4d4df91\error_prone_annotations-2.18.0.jar because it was already located earlier
[10Aug2026 18:04:22.934] [main/DEBUG] [net.neoforged.fml.loading.moddiscovery.ModDiscoverer/]: Skipping C:\Users\29406\.mcreator\gradle\caches\modules-2\files-2.1\com.google.j2objc\j2objc-annotations\2.8\c85270e307e7b822f1086b93689124b89768e273\j2objc-annotations-2.8.jar because it was already located earlier
[10Aug2026 18:04:22.934] [main/DEBUG] [net.neoforged.fml.loading.moddiscovery.ModDiscoverer/]: Skipping C:\Users\29406\.mcreator\gradle\caches\modules-2\files-2.1\org.jline\jline-terminal\3.20.0\d0ddcc708ddf527a3454c941b7b9225cc83a15ff\jline-terminal-3.20.0.jar because it was already located earlier
[10Aug2026 18:04:22.934] [main/DEBUG] [net.neoforged.fml.loading.moddiscovery.ModDiscoverer/]: Skipping C:\Users\29406\.mcreator\gradle\caches\modules-2\files-2.1\com.github.oshi\oshi-core\6.4.10\b1d8ab82d11d92fd639b56d639f8f46f739dd5fa\oshi-core-6.4.10.jar because it was already located earlier
[10Aug2026 18:04:22.935] [main/DEBUG] [net.neoforged.fml.loading.moddiscovery.ModDiscoverer/]: Skipping C:\Users\29406\.mcreator\gradle\caches\modules-2\files-2.1\com.ibm.icu\icu4j\73.2\61ad4ef7f9131fcf6d25c34b817f90d6da06c9e9\icu4j-73.2.jar because it was already located earlier
[10Aug2026 18:04:22.935] [main/DEBUG] [net.neoforged.fml.loading.moddiscovery.ModDiscoverer/]: Skipping C:\Users\29406\.mcreator\gradle\caches\modules-2\files-2.1\com.mojang\authlib\6.0.54\de8bc95660e1b2fe8793fd427a7a10dcec5b3ea7\authlib-6.0.54.jar because it was already located earlier
[10Aug2026 18:04:22.937] [main/DEBUG] [net.neoforged.fml.loading.moddiscovery.ModDiscoverer/]: Skipping C:\Users\29406\.mcreator\gradle\caches\modules-2\files-2.1\com.mojang\blocklist\1.0.10\5c685c5ffa94c4cd39496c7184c1d122e515ecef\blocklist-1.0.10.jar because it was already located earlier
[10Aug2026 18:04:22.937] [main/DEBUG] [net.neoforged.fml.loading.moddiscovery.ModDiscoverer/]: Skipping C:\Users\29406\.mcreator\gradle\caches\modules-2\files-2.1\com.mojang\brigadier\1.3.10\d15b53a14cf20fdcaa98f731af5dda654452c010\brigadier-1.3.10.jar because it was already located earlier
[10Aug2026 18:04:22.937] [main/DEBUG] [net.neoforged.fml.loading.moddiscovery.ModDiscoverer/]: Skipping C:\Users\29406\.mcreator\gradle\caches\modules-2\files-2.1\com.mojang\datafixerupper\8.0.16\67d4de6d7f95d89bcf5862995fb854ebaec02a34\datafixerupper-8.0.16.jar because it was already located earlier
[10Aug2026 18:04:22.938] [main/DEBUG] [net.neoforged.fml.loading.moddiscovery.ModDiscoverer/]: Skipping C:\Users\29406\.mcreator\gradle\caches\modules-2\files-2.1\com.mojang\patchy\2.2.10\da05971b07cbb379d002cf7eaec6a2048211fefc\patchy-2.2.10.jar because it was already located earlier
[10Aug2026 18:04:22.938] [main/DEBUG] [net.neoforged.fml.loading.moddiscovery.ModDiscoverer/]: Skipping C:\Users\29406\.mcreator\gradle\caches\modules-2\files-2.1\com.mojang\text2speech\1.17.9\3cad216e3a7f0c19b4b394388bc9ffc446f13b14\text2speech-1.17.9.jar because it was already located earlier
[10Aug2026 18:04:22.938] [main/DEBUG] [net.neoforged.fml.loading.moddiscovery.ModDiscoverer/]: Skipping C:\Users\29406\.mcreator\gradle\caches\modules-2\files-2.1\commons-codec\commons-codec\1.16.0\4e3eb3d79888d76b54e28b350915b5dc3919c9de\commons-codec-1.16.0.jar because it was already located earlier
[10Aug2026 18:04:22.939] [main/DEBUG] [net.neoforged.fml.loading.moddiscovery.ModDiscoverer/]: Skipping C:\Users\29406\.mcreator\gradle\caches\modules-2\files-2.1\commons-logging\commons-logging\1.2\4bfc12adfe4842bf07b657f0369c4cb522955686\commons-logging-1.2.jar because it was already located earlier
[10Aug2026 18:04:22.939] [main/DEBUG] [net.neoforged.fml.loading.moddiscovery.ModDiscoverer/]: Skipping C:\Users\29406\.mcreator\gradle\caches\modules-2\files-2.1\io.netty\netty-buffer\4.1.97.Final\f8f3d8644afa5e6e1a40a3a6aeb9d9aa970ecb4f\netty-buffer-4.1.97.Final.jar because it was already located earlier
[10Aug2026 18:04:22.939] [main/DEBUG] [net.neoforged.fml.loading.moddiscovery.ModDiscoverer/]: Skipping C:\Users\29406\.mcreator\gradle\caches\modules-2\files-2.1\io.netty\netty-codec\4.1.97.Final\384ba4d75670befbedb45c4d3b497a93639c206d\netty-codec-4.1.97.Final.jar because it was already located earlier
[10Aug2026 18:04:22.939] [main/DEBUG] [net.neoforged.fml.loading.moddiscovery.ModDiscoverer/]: Skipping C:\Users\29406\.mcreator\gradle\caches\modules-2\files-2.1\io.netty\netty-common\4.1.97.Final\7cceacaf11df8dc63f23d0fb58e9d4640fc88404\netty-common-4.1.97.Final.jar because it was already located earlier
[10Aug2026 18:04:22.940] [main/DEBUG] [net.neoforged.fml.loading.moddiscovery.ModDiscoverer/]: Skipping C:\Users\29406\.mcreator\gradle\caches\modules-2\files-2.1\io.netty\netty-handler\4.1.97.Final\abb86c6906bf512bf2b797a41cd7d2e8d3cd7c36\netty-handler-4.1.97.Final.jar because it was already located earlier
[10Aug2026 18:04:22.940] [main/DEBUG] [net.neoforged.fml.loading.moddiscovery.ModDiscoverer/]: Skipping C:\Users\29406\.mcreator\gradle\caches\modules-2\files-2.1\io.netty\netty-resolver\4.1.97.Final\cec8348108dc76c47cf87c669d514be52c922144\netty-resolver-4.1.97.Final.jar because it was already located earlier
[10Aug2026 18:04:22.941] [main/DEBUG] [net.neoforged.fml.loading.moddiscovery.ModDiscoverer/]: Skipping C:\Users\29406\.mcreator\gradle\caches\modules-2\files-2.1\io.netty\netty-transport-classes-epoll\4.1.97.Final\795da37ded759e862457a82d9d92c4d39ce8ecee\netty-transport-classes-epoll-4.1.97.Final.jar because it was already located earlier
[10Aug2026 18:04:22.941] [main/DEBUG] [net.neoforged.fml.loading.moddiscovery.ModDiscoverer/]: Skipping C:\Users\29406\.mcreator\gradle\caches\modules-2\files-2.1\io.netty\netty-transport-native-unix-common\4.1.97.Final\d469d84265ab70095b01b40886cabdd433b6e664\netty-transport-native-unix-common-4.1.97.Final.jar because it was already located earlier
[10Aug2026 18:04:22.942] [main/DEBUG] [net.neoforged.fml.loading.moddiscovery.ModDiscoverer/]: Skipping C:\Users\29406\.mcreator\gradle\caches\modules-2\files-2.1\io.netty\netty-transport\4.1.97.Final\f37380d23c9bb079bc702910833b2fd532c9abd0\netty-transport-4.1.97.Final.jar because it was already located earlier
[10Aug2026 18:04:22.942] [main/DEBUG] [net.neoforged.fml.loading.moddiscovery.ModDiscoverer/]: Skipping C:\Users\29406\.mcreator\gradle\caches\modules-2\files-2.1\it.unimi.dsi\fastutil\8.5.12\c24946d46824bd528054bface3231d2ecb7e95e8\fastutil-8.5.12.jar because it was already located earlier
[10Aug2026 18:04:22.942] [main/DEBUG] [net.neoforged.fml.loading.moddiscovery.ModDiscoverer/]: Skipping C:\Users\29406\.mcreator\gradle\caches\modules-2\files-2.1\net.java.dev.jna\jna-platform\5.14.0\28934d48aed814f11e4c584da55c49fa7032b31b\jna-platform-5.14.0.jar because it was already located earlier
[10Aug2026 18:04:22.943] [main/DEBUG] [net.neoforged.fml.loading.moddiscovery.ModDiscoverer/]: Skipping C:\Users\29406\.mcreator\gradle\caches\modules-2\files-2.1\net.java.dev.jna\jna\5.14.0\67bf3eaea4f0718cb376a181a629e5f88fa1c9dd\jna-5.14.0.jar because it was already located earlier
[10Aug2026 18:04:22.943] [main/DEBUG] [net.neoforged.fml.loading.moddiscovery.ModDiscoverer/]: Skipping C:\Users\29406\.mcreator\gradle\caches\modules-2\files-2.1\org.apache.commons\commons-compress\1.26.0\659feffdd12280201c8aacb8f7be94f9a883c824\commons-compress-1.26.0.jar because it was already located earlier
[10Aug2026 18:04:22.944] [main/DEBUG] [net.neoforged.fml.loading.moddiscovery.ModDiscoverer/]: Skipping C:\Users\29406\.mcreator\gradle\caches\modules-2\files-2.1\org.apache.httpcomponents\httpclient\4.5.13\e5f6cae5ca7ecaac1ec2827a9e2d65ae2869cada\httpclient-4.5.13.jar because it was already located earlier
[10Aug2026 18:04:22.944] [main/DEBUG] [net.neoforged.fml.loading.moddiscovery.ModDiscoverer/]: Skipping C:\Users\29406\.mcreator\gradle\caches\modules-2\files-2.1\org.apache.httpcomponents\httpcore\4.4.16\51cf043c87253c9f58b539c9f7e44c8894223850\httpcore-4.4.16.jar because it was already located earlier
[10Aug2026 18:04:22.944] [main/DEBUG] [net.neoforged.fml.loading.moddiscovery.ModDiscoverer/]: Skipping C:\Users\29406\.mcreator\gradle\caches\modules-2\files-2.1\org.jcraft\jorbis\0.0.17\8872d22b293e8f5d7d56ff92be966e6dc28ebdc6\jorbis-0.0.17.jar because it was already located earlier
[10Aug2026 18:04:22.944] [main/DEBUG] [net.neoforged.fml.loading.moddiscovery.ModDiscoverer/]: Skipping C:\Users\29406\.mcreator\gradle\caches\modules-2\files-2.1\org.joml\joml\1.10.5\22566d58af70ad3d72308bab63b8339906deb649\joml-1.10.5.jar because it was already located earlier
[10Aug2026 18:04:22.945] [main/DEBUG] [net.neoforged.fml.loading.moddiscovery.ModDiscoverer/]: Skipping C:\Users\29406\.mcreator\gradle\caches\modules-2\files-2.1\org.lwjgl\lwjgl-freetype\3.3.3\a0db6c84a8becc8ca05f9dbfa985edc348a824c7\lwjgl-freetype-3.3.3.jar because it was already located earlier
[10Aug2026 18:04:22.966] [main/DEBUG] [net.neoforged.fml.loading.moddiscovery.ModDiscoverer/]: Skipping C:\Users\29406\.mcreator\gradle\caches\modules-2\files-2.1\org.lwjgl\lwjgl-freetype\3.3.3\15a8c1de7f51d07a92eae7ce1222557073a0c0c3\lwjgl-freetype-3.3.3-natives-windows-x86.jar because it was already located earlier
[10Aug2026 18:04:22.967] [main/DEBUG] [net.neoforged.fml.loading.moddiscovery.ModDiscoverer/]: Skipping C:\Users\29406\.mcreator\gradle\caches\modules-2\files-2.1\org.lwjgl\lwjgl-glfw\3.3.3\efa1eb78c5ccd840e9f329717109b5e892d72f8e\lwjgl-glfw-3.3.3.jar because it was already located earlier
[10Aug2026 18:04:22.985] [main/DEBUG] [net.neoforged.fml.loading.moddiscovery.ModDiscoverer/]: Skipping C:\Users\29406\.mcreator\gradle\caches\modules-2\files-2.1\org.lwjgl\lwjgl-glfw\3.3.3\32334f3fd5270a59bad9939a93115acb6de36dcf\lwjgl-glfw-3.3.3-natives-windows-x86.jar because it was already located earlier
[10Aug2026 18:04:22.986] [main/DEBUG] [net.neoforged.fml.loading.moddiscovery.ModDiscoverer/]: Skipping C:\Users\29406\.mcreator\gradle\caches\modules-2\files-2.1\org.lwjgl\lwjgl-jemalloc\3.3.3\b543467b7ff3c6920539a88ee602d34098628be5\lwjgl-jemalloc-3.3.3.jar because it was already located earlier
[10Aug2026 18:04:22.986] [main/DEBUG] [net.neoforged.fml.loading.moddiscovery.ModDiscoverer/]: Skipping C:\Users\29406\.mcreator\gradle\caches\modules-2\files-2.1\org.lwjgl\lwjgl-jemalloc\3.3.3\426222fc027602a5f21b9c0fe79cde6a4c7a011f\lwjgl-jemalloc-3.3.3-natives-windows.jar because it was already located earlier
[10Aug2026 18:04:23.004] [main/DEBUG] [net.neoforged.fml.loading.moddiscovery.ModDiscoverer/]: Skipping C:\Users\29406\.mcreator\gradle\caches\modules-2\files-2.1\org.lwjgl\lwjgl-openal\3.3.3\daada81ceb5fc0c291fbfdd4433cb8d9423577f2\lwjgl-openal-3.3.3.jar because it was already located earlier
[10Aug2026 18:04:23.021] [main/DEBUG] [net.neoforged.fml.loading.moddiscovery.ModDiscoverer/]: Skipping C:\Users\29406\.mcreator\gradle\caches\modules-2\files-2.1\org.lwjgl\lwjgl-openal\3.3.3\87b8d5050e3adb46bb58fe1cb2669a4a48fce10d\lwjgl-openal-3.3.3-natives-windows-x86.jar because it was already located earlier
[10Aug2026 18:04:23.021] [main/DEBUG] [net.neoforged.fml.loading.moddiscovery.ModDiscoverer/]: Skipping C:\Users\29406\.mcreator\gradle\caches\modules-2\files-2.1\org.lwjgl\lwjgl-opengl\3.3.3\2f6b0147078396a58979125a4c947664e98293a\lwjgl-opengl-3.3.3.jar because it was already located earlier
[10Aug2026 18:04:23.030] [main/DEBUG] [net.neoforged.fml.loading.moddiscovery.ModDiscoverer/]: Skipping C:\Users\29406\.mcreator\gradle\caches\modules-2\files-2.1\org.lwjgl\lwjgl-opengl\3.3.3\65e956d3735a1abdc82eff4baec1b61174697d4b\lwjgl-opengl-3.3.3-natives-windows-arm64.jar because it was already located earlier
[10Aug2026 18:04:23.038] [main/DEBUG] [net.neoforged.fml.loading.moddiscovery.ModDiscoverer/]: Skipping C:\Users\29406\.mcreator\gradle\caches\modules-2\files-2.1\org.lwjgl\lwjgl-stb\3.3.3\25dd6161988d7e65f71d5065c99902402ee32746\lwjgl-stb-3.3.3.jar because it was already located earlier
[10Aug2026 18:04:23.038] [main/DEBUG] [net.neoforged.fml.loading.moddiscovery.ModDiscoverer/]: Skipping C:\Users\29406\.mcreator\gradle\caches\modules-2\files-2.1\org.lwjgl\lwjgl-stb\3.3.3\1d9facdf6541de114b0f963be33505b7679c78cb\lwjgl-stb-3.3.3-natives-windows.jar because it was already located earlier
[10Aug2026 18:04:23.055] [main/DEBUG] [net.neoforged.fml.loading.moddiscovery.ModDiscoverer/]: Skipping C:\Users\29406\.mcreator\gradle\caches\modules-2\files-2.1\org.lwjgl\lwjgl-tinyfd\3.3.3\82d755ca94b102e9ca77283b9e2dc46d1b15fbe5\lwjgl-tinyfd-3.3.3.jar because it was already located earlier
[10Aug2026 18:04:23.055] [main/DEBUG] [net.neoforged.fml.loading.moddiscovery.ModDiscoverer/]: Skipping C:\Users\29406\.mcreator\gradle\caches\modules-2\files-2.1\org.lwjgl\lwjgl-tinyfd\3.3.3\a6697981b0449a5087c1d546fc08b4f73e8f98c9\lwjgl-tinyfd-3.3.3-natives-windows.jar because it was already located earlier
[10Aug2026 18:04:23.071] [main/DEBUG] [net.neoforged.fml.loading.moddiscovery.ModDiscoverer/]: Skipping C:\Users\29406\.mcreator\gradle\caches\modules-2\files-2.1\org.lwjgl\lwjgl\3.3.3\29589b5f87ed335a6c7e7ee6a5775f81f97ecb84\lwjgl-3.3.3.jar because it was already located earlier
[10Aug2026 18:04:23.087] [main/DEBUG] [net.neoforged.fml.loading.moddiscovery.ModDiscoverer/]: Skipping C:\Users\29406\.mcreator\gradle\caches\modules-2\files-2.1\org.lwjgl\lwjgl\3.3.3\9e670718e050aeaeea0c2d5b907cffb142f2e58f\lwjgl-3.3.3-natives-windows-x86.jar because it was already located earlier
[10Aug2026 18:04:23.087] [main/DEBUG] [net.neoforged.fml.loading.moddiscovery.ModDiscoverer/]: Skipping C:\Users\29406\.mcreator\gradle\caches\modules-2\files-2.1\org.lz4\lz4-java\1.8.0\4b986a99445e49ea5fbf5d149c4b63f6ed6c6780\lz4-java-1.8.0.jar because it was already located earlier
[10Aug2026 18:04:23.092] [main/DEBUG] [net.neoforged.fml.loading.UniqueModListBuilder/]: Found 2 mods for first modid neoforge, selecting most recent based on version data
[10Aug2026 18:04:23.093] [main/DEBUG] [net.neoforged.fml.loading.UniqueModListBuilder/]: Selected file neoforge-21.1.232.jar for modid neoforge with version 21.1.232
[10Aug2026 18:04:23.300] [main/INFO] [net.neoforged.fml.loading.moddiscovery.locators.JarInJarDependencyLocator/]: Found 2 dependencies adding them to mods collection
[10Aug2026 18:04:23.302] [main/INFO] [net.neoforged.fml.loading.moddiscovery.ModDiscoverer/]: 
     Mod List:
		Name Version (Mod Id)

		ImmersionInTrafficContext 1.21.1.4.0.0 (immersion_in_traffic_context)
		Just Enough Items 19.21.0.247 (jei)
		Minecraft 1.21.1 (minecraft)
		NeoForge 21.1.232 (neoforge)
[10Aug2026 18:04:23.304] [main/DEBUG] [net.neoforged.fml.loading.moddiscovery.ModFileInfo/LOADING]: Found valid mod file neoforge-21.1.232.jar with {minecraft} mods - versions {1.21.1}
[10Aug2026 18:04:23.307] [main/DEBUG] [net.neoforged.fml.loading.moddiscovery.ModFile/LOADING]: Loading mod file C:\Users\29406\MCreatorWorkspaces\immersion_in_traffic_context\build\moddev\artifacts\neoforge-21.1.232.jar with languages [LanguageSpec[languageName=minecraft, acceptedVersions=1]]
[10Aug2026 18:04:23.311] [main/DEBUG] [net.neoforged.fml.loading.moddiscovery.ModFileParser/LOADING]: Considering mod file candidate C:\Users\29406\MCreatorWorkspaces\immersion_in_traffic_context\build\classes\java\main
[10Aug2026 18:04:23.316] [main/DEBUG] [net.neoforged.fml.loading.moddiscovery.ModFileInfo/LOADING]: Found valid mod file main with {immersion_in_traffic_context} mods - versions {1.21.1.4.0.0}
[10Aug2026 18:04:23.316] [main/DEBUG] [net.neoforged.fml.loading.moddiscovery.ModFile/LOADING]: Loading mod file C:\Users\29406\MCreatorWorkspaces\immersion_in_traffic_context\build\classes\java\main with languages [LanguageSpec[languageName=javafml, acceptedVersions=[4,)]]
[10Aug2026 18:04:23.317] [main/DEBUG] [net.neoforged.fml.loading.moddiscovery.ModFileParser/LOADING]: Considering mod file candidate C:\Users\29406\MCreatorWorkspaces\immersion_in_traffic_context\build\moddev\artifacts\neoforge-21.1.232.jar
[10Aug2026 18:04:23.320] [main/DEBUG] [net.neoforged.fml.loading.moddiscovery.ModFileInfo/LOADING]: Found valid mod file neoforge-21.1.232.jar with {neoforge} mods - versions {21.1.232}
[10Aug2026 18:04:23.320] [main/DEBUG] [net.neoforged.fml.loading.moddiscovery.ModFile/LOADING]: Loading mod file C:\Users\29406\MCreatorWorkspaces\immersion_in_traffic_context\build\moddev\artifacts\neoforge-21.1.232.jar with languages [LanguageSpec[languageName=javafml, acceptedVersions=[3,]]]
[10Aug2026 18:04:23.323] [main/DEBUG] [net.neoforged.fml.loading.moddiscovery.ModFile/LOADING]: Found mixin config MixinConfig[config=neoforge.mixins.json, requiredMods=[]]
[10Aug2026 18:04:23.323] [main/DEBUG] [net.neoforged.fml.loading.moddiscovery.ModFileParser/LOADING]: Considering mod file candidate C:\Users\29406\.mcreator\gradle\caches\modules-2\files-2.1\mezz.jei\jei-1.21.1-neoforge\19.21.0.247\4d9ed6b03c67148ffe7406a84deb168a632e0a60\jei-1.21.1-neoforge-19.21.0.247.jar
[10Aug2026 18:04:23.327] [main/DEBUG] [net.neoforged.fml.loading.moddiscovery.ModFileInfo/LOADING]: Found valid mod file jei-1.21.1-neoforge-19.21.0.247.jar with {jei} mods - versions {19.21.0.247}
[10Aug2026 18:04:23.327] [main/DEBUG] [net.neoforged.fml.loading.moddiscovery.ModFile/LOADING]: Loading mod file C:\Users\29406\.mcreator\gradle\caches\modules-2\files-2.1\mezz.jei\jei-1.21.1-neoforge\19.21.0.247\4d9ed6b03c67148ffe7406a84deb168a632e0a60\jei-1.21.1-neoforge-19.21.0.247.jar with languages [LanguageSpec[languageName=javafml, acceptedVersions=[4,)]]
[10Aug2026 18:04:23.327] [main/DEBUG] [net.neoforged.fml.loading.moddiscovery.ModFile/LOADING]: Loading mod file  with languages []
[10Aug2026 18:04:23.329] [main/DEBUG] [cpw.mods.modlauncher.TransformationServiceDecorator/MODLAUNCHER]: End scan trigger - transformation service fml
[10Aug2026 18:04:23.356] [main/DEBUG] [net.neoforged.fml.util.ServiceLoaderUtil/CORE]: Found 3 implementations of IModLanguageLoader:
[10Aug2026 18:04:23.356] [main/DEBUG] [net.neoforged.fml.util.ServiceLoaderUtil/CORE]: 	net.neoforged.fml.javafmlmod.FMLJavaModLanguageProvider from loader-4.0.42.jar
[10Aug2026 18:04:23.357] [main/DEBUG] [net.neoforged.fml.util.ServiceLoaderUtil/CORE]: 	net.neoforged.fml.lowcodemod.LowCodeModLanguageProvider from loader-4.0.42.jar
[10Aug2026 18:04:23.357] [main/DEBUG] [net.neoforged.fml.util.ServiceLoaderUtil/CORE]: 	net.neoforged.fml.mclanguageprovider.MinecraftModLanguageProvider from loader-4.0.42.jar
[10Aug2026 18:04:23.358] [main/DEBUG] [net.neoforged.fml.loading.LanguageProviderLoader/CORE]: Found language provider javafml, version 4.0.42
[10Aug2026 18:04:23.360] [main/DEBUG] [net.neoforged.fml.loading.LanguageProviderLoader/CORE]: Found language provider lowcodefml, version 4.0.42
[10Aug2026 18:04:23.361] [main/DEBUG] [net.neoforged.fml.loading.LanguageProviderLoader/CORE]: Found language provider minecraft, version 4.0.42
[10Aug2026 18:04:23.371] [main/DEBUG] [net.neoforged.fml.loading.ModSorter/]: Configured system mods: [minecraft, neoforge]
[10Aug2026 18:04:23.371] [main/DEBUG] [net.neoforged.fml.loading.ModSorter/]: Found system mod: minecraft
[10Aug2026 18:04:23.372] [main/DEBUG] [net.neoforged.fml.loading.ModSorter/]: Found system mod: neoforge
[10Aug2026 18:04:23.377] [main/DEBUG] [net.neoforged.fml.loading.ModSorter/LOADING]: Found 5 mod requirements (4 mandatory, 1 optional)
[10Aug2026 18:04:23.379] [main/DEBUG] [net.neoforged.fml.loading.ModSorter/LOADING]: Found 0 mod requirements missing (0 mandatory, 0 optional)
[10Aug2026 18:04:23.659] [main/DEBUG] [mixin/]: Adding mixin platform agents for container net.neoforged.fml.loading.mixin.FMLMixinContainerHandle@28348c6
[10Aug2026 18:04:23.660] [main/DEBUG] [mixin/]: Instancing new MixinPlatformAgentMinecraftForge for net.neoforged.fml.loading.mixin.FMLMixinContainerHandle@28348c6
[10Aug2026 18:04:23.660] [main/DEBUG] [mixin/]: MixinPlatformAgentMinecraftForge rejected container net.neoforged.fml.loading.mixin.FMLMixinContainerHandle@28348c6
[10Aug2026 18:04:23.660] [main/DEBUG] [mixin/]: Instancing new MixinPlatformAgentDefault for net.neoforged.fml.loading.mixin.FMLMixinContainerHandle@28348c6
[10Aug2026 18:04:23.660] [main/DEBUG] [mixin/]: MixinPlatformAgentDefault accepted container net.neoforged.fml.loading.mixin.FMLMixinContainerHandle@28348c6
[10Aug2026 18:04:23.660] [main/DEBUG] [mixin/]: Instancing new FMLMixinPlatformAgent for net.neoforged.fml.loading.mixin.FMLMixinContainerHandle@28348c6
[10Aug2026 18:04:23.660] [main/DEBUG] [mixin/]: FMLMixinPlatformAgent accepted container net.neoforged.fml.loading.mixin.FMLMixinContainerHandle@28348c6
[10Aug2026 18:04:23.677] [main/DEBUG] [cpw.mods.modlauncher.TransformationServicesHandler/MODLAUNCHER]: Transformation services loading transformers
[10Aug2026 18:04:23.678] [main/DEBUG] [cpw.mods.modlauncher.TransformationServiceDecorator/MODLAUNCHER]: Initializing transformers for transformation service mixin
[10Aug2026 18:04:23.681] [main/DEBUG] [cpw.mods.modlauncher.TransformationServiceDecorator/MODLAUNCHER]: Initialized transformers for transformation service mixin
[10Aug2026 18:04:23.681] [main/DEBUG] [cpw.mods.modlauncher.TransformationServiceDecorator/MODLAUNCHER]: Initializing transformers for transformation service fml
[10Aug2026 18:04:23.681] [main/DEBUG] [net.neoforged.fml.loading.FMLServiceProvider/LOADING]: Loading coremod transformers
[10Aug2026 18:04:23.682] [main/DEBUG] [net.neoforged.fml.loading.FMLServiceProvider/CORE]: Not loading coremod script-engine since no mod requested it
[10Aug2026 18:04:23.686] [main/DEBUG] [net.neoforged.fml.util.ServiceLoaderUtil/CORE]: Found 1 implementations of ICoreMod:
[10Aug2026 18:04:23.687] [main/DEBUG] [net.neoforged.fml.util.ServiceLoaderUtil/CORE]: 	net.neoforged.neoforge.coremods.NeoForgeCoreMod from neoforge-21.1.232.jar > net.neoforged.neoforge-coremods-21.1.232.jar
[10Aug2026 18:04:23.702] [main/DEBUG] [net.neoforged.fml.loading.FMLServiceProvider/CORE]: Adding [Target[className=net.minecraft.world.level.biome.Biome, elementName=, elementDescriptor=, targetType=cpw.mods.modlauncher.api.TargetType@2262b621]] transformer from core-mod net.neoforged.neoforge.coremods.NeoForgeCoreMod@385e36d4 in neoforge-21.1.232.jar > net.neoforged.neoforge-coremods-21.1.232.jar
[10Aug2026 18:04:23.703] [main/DEBUG] [net.neoforged.fml.loading.FMLServiceProvider/CORE]: Adding [Target[className=net.minecraft.world.level.levelgen.structure.Structure, elementName=, elementDescriptor=, targetType=cpw.mods.modlauncher.api.TargetType@2262b621]] transformer from core-mod net.neoforged.neoforge.coremods.NeoForgeCoreMod@385e36d4 in neoforge-21.1.232.jar > net.neoforged.neoforge-coremods-21.1.232.jar
[10Aug2026 18:04:23.703] [main/DEBUG] [net.neoforged.fml.loading.FMLServiceProvider/CORE]: Adding [Target[className=net.minecraft.world.level.block.FlowerPotBlock, elementName=, elementDescriptor=, targetType=cpw.mods.modlauncher.api.TargetType@2262b621]] transformer from core-mod net.neoforged.neoforge.coremods.NeoForgeCoreMod@385e36d4 in neoforge-21.1.232.jar > net.neoforged.neoforge-coremods-21.1.232.jar
[10Aug2026 18:04:23.704] [main/DEBUG] [net.neoforged.fml.loading.FMLServiceProvider/CORE]: Adding [Target[className=net/minecraft/world/entity/ai/village/VillageSiege, elementName=, elementDescriptor=, targetType=cpw.mods.modlauncher.api.TargetType@2262b621], Target[className=net/minecraft/world/level/NaturalSpawner, elementName=, elementDescriptor=, targetType=cpw.mods.modlauncher.api.TargetType@2262b621], Target[className=net/minecraft/server/commands/SummonCommand, elementName=, elementDescriptor=, targetType=cpw.mods.modlauncher.api.TargetType@2262b621], Target[className=net/minecraft/world/level/levelgen/structure/structures/WoodlandMansionPieces$WoodlandMansionPiece, elementName=, elementDescriptor=, targetType=cpw.mods.modlauncher.api.TargetType@2262b621], Target[className=net/minecraft/world/level/levelgen/PhantomSpawner, elementName=, elementDescriptor=, targetType=cpw.mods.modlauncher.api.TargetType@2262b621], Target[className=net/minecraft/world/entity/monster/Zombie, elementName=, elementDescriptor=, targetType=cpw.mods.modlauncher.api.TargetType@2262b621], Target[className=net/minecraft/world/entity/monster/Spider, elementName=, elementDescriptor=, targetType=cpw.mods.modlauncher.api.TargetType@2262b621], Target[className=net/minecraft/world/entity/monster/ZombieVillager, elementName=, elementDescriptor=, targetType=cpw.mods.modlauncher.api.TargetType@2262b621], Target[className=net/minecraft/world/level/levelgen/structure/structures/OceanMonumentPieces$OceanMonumentPiece, elementName=, elementDescriptor=, targetType=cpw.mods.modlauncher.api.TargetType@2262b621], Target[className=net/minecraft/world/entity/animal/horse/SkeletonTrapGoal, elementName=, elementDescriptor=, targetType=cpw.mods.modlauncher.api.TargetType@2262b621], Target[className=net/minecraft/world/entity/raid/Raid, elementName=, elementDescriptor=, targetType=cpw.mods.modlauncher.api.TargetType@2262b621], Target[className=net/minecraft/world/entity/monster/Strider, elementName=, elementDescriptor=, targetType=cpw.mods.modlauncher.api.TargetType@2262b621], Target[className=net/minecraft/world/level/levelgen/structure/structures/SwampHutPiece, elementName=, elementDescriptor=, targetType=cpw.mods.modlauncher.api.TargetType@2262b621], Target[className=net/minecraft/world/entity/EntityType, elementName=, elementDescriptor=, targetType=cpw.mods.modlauncher.api.TargetType@2262b621], Target[className=net/minecraft/world/entity/animal/frog/Tadpole, elementName=, elementDescriptor=, targetType=cpw.mods.modlauncher.api.TargetType@2262b621], Target[className=net/minecraft/world/entity/npc/Villager, elementName=, elementDescriptor=, targetType=cpw.mods.modlauncher.api.TargetType@2262b621], Target[className=net/minecraft/world/entity/npc/CatSpawner, elementName=, elementDescriptor=, targetType=cpw.mods.modlauncher.api.TargetType@2262b621], Target[className=net/minecraft/server/commands/RaidCommand, elementName=, elementDescriptor=, targetType=cpw.mods.modlauncher.api.TargetType@2262b621], Target[className=net/minecraft/world/level/levelgen/structure/structures/OceanRuinPieces$OceanRuinPiece, elementName=, elementDescriptor=, targetType=cpw.mods.modlauncher.api.TargetType@2262b621], Target[className=net/minecraft/world/entity/monster/Evoker$EvokerSummonSpellGoal, elementName=, elementDescriptor=, targetType=cpw.mods.modlauncher.api.TargetType@2262b621], Target[className=net/minecraft/world/level/levelgen/PatrolSpawner, elementName=, elementDescriptor=, targetType=cpw.mods.modlauncher.api.TargetType@2262b621], Target[className=net/minecraft/world/level/levelgen/structure/templatesystem/StructureTemplate, elementName=, elementDescriptor=, targetType=cpw.mods.modlauncher.api.TargetType@2262b621]] transformer from core-mod net.neoforged.neoforge.coremods.NeoForgeCoreMod@385e36d4 in neoforge-21.1.232.jar > net.neoforged.neoforge-coremods-21.1.232.jar
[10Aug2026 18:04:23.709] [main/DEBUG] [cpw.mods.modlauncher.TransformStore/MODLAUNCHER]: Adding transformer net.neoforged.neoforge.coremods.ReplaceFieldWithGetterAccess@5edf2821 to Target : cpw.mods.modlauncher.api.TargetType@2262b621 {Lnet/minecraft/world/level/biome/Biome;} {} {V}
[10Aug2026 18:04:23.712] [main/DEBUG] [cpw.mods.modlauncher.TransformStore/MODLAUNCHER]: Adding transformer net.neoforged.neoforge.coremods.ReplaceFieldWithGetterAccess@75798d03 to Target : cpw.mods.modlauncher.api.TargetType@2262b621 {Lnet/minecraft/world/level/levelgen/structure/Structure;} {} {V}
[10Aug2026 18:04:23.712] [main/DEBUG] [cpw.mods.modlauncher.TransformStore/MODLAUNCHER]: Adding transformer net.neoforged.neoforge.coremods.ReplaceFieldWithGetterAccess@40f8f5a8 to Target : cpw.mods.modlauncher.api.TargetType@2262b621 {Lnet/minecraft/world/level/block/FlowerPotBlock;} {} {V}
[10Aug2026 18:04:23.713] [main/DEBUG] [cpw.mods.modlauncher.TransformStore/MODLAUNCHER]: Adding transformer net.neoforged.neoforge.coremods.MethodRedirector@1ffcf674 to Target : cpw.mods.modlauncher.api.TargetType@2262b621 {Lnet/minecraft/world/entity/ai/village/VillageSiege;} {} {V}
[10Aug2026 18:04:23.713] [main/DEBUG] [cpw.mods.modlauncher.TransformStore/MODLAUNCHER]: Adding transformer net.neoforged.neoforge.coremods.MethodRedirector@1ffcf674 to Target : cpw.mods.modlauncher.api.TargetType@2262b621 {Lnet/minecraft/world/level/NaturalSpawner;} {} {V}
[10Aug2026 18:04:23.713] [main/DEBUG] [cpw.mods.modlauncher.TransformStore/MODLAUNCHER]: Adding transformer net.neoforged.neoforge.coremods.MethodRedirector@1ffcf674 to Target : cpw.mods.modlauncher.api.TargetType@2262b621 {Lnet/minecraft/server/commands/SummonCommand;} {} {V}
[10Aug2026 18:04:23.714] [main/DEBUG] [cpw.mods.modlauncher.TransformStore/MODLAUNCHER]: Adding transformer net.neoforged.neoforge.coremods.MethodRedirector@1ffcf674 to Target : cpw.mods.modlauncher.api.TargetType@2262b621 {Lnet/minecraft/world/level/levelgen/structure/structures/WoodlandMansionPieces$WoodlandMansionPiece;} {} {V}
[10Aug2026 18:04:23.714] [main/DEBUG] [cpw.mods.modlauncher.TransformStore/MODLAUNCHER]: Adding transformer net.neoforged.neoforge.coremods.MethodRedirector@1ffcf674 to Target : cpw.mods.modlauncher.api.TargetType@2262b621 {Lnet/minecraft/world/level/levelgen/PhantomSpawner;} {} {V}
[10Aug2026 18:04:23.714] [main/DEBUG] [cpw.mods.modlauncher.TransformStore/MODLAUNCHER]: Adding transformer net.neoforged.neoforge.coremods.MethodRedirector@1ffcf674 to Target : cpw.mods.modlauncher.api.TargetType@2262b621 {Lnet/minecraft/world/entity/monster/Zombie;} {} {V}
[10Aug2026 18:04:23.714] [main/DEBUG] [cpw.mods.modlauncher.TransformStore/MODLAUNCHER]: Adding transformer net.neoforged.neoforge.coremods.MethodRedirector@1ffcf674 to Target : cpw.mods.modlauncher.api.TargetType@2262b621 {Lnet/minecraft/world/entity/monster/Spider;} {} {V}
[10Aug2026 18:04:23.716] [main/DEBUG] [cpw.mods.modlauncher.TransformStore/MODLAUNCHER]: Adding transformer net.neoforged.neoforge.coremods.MethodRedirector@1ffcf674 to Target : cpw.mods.modlauncher.api.TargetType@2262b621 {Lnet/minecraft/world/entity/monster/ZombieVillager;} {} {V}
[10Aug2026 18:04:23.716] [main/DEBUG] [cpw.mods.modlauncher.TransformStore/MODLAUNCHER]: Adding transformer net.neoforged.neoforge.coremods.MethodRedirector@1ffcf674 to Target : cpw.mods.modlauncher.api.TargetType@2262b621 {Lnet/minecraft/world/level/levelgen/structure/structures/OceanMonumentPieces$OceanMonumentPiece;} {} {V}
[10Aug2026 18:04:23.716] [main/DEBUG] [cpw.mods.modlauncher.TransformStore/MODLAUNCHER]: Adding transformer net.neoforged.neoforge.coremods.MethodRedirector@1ffcf674 to Target : cpw.mods.modlauncher.api.TargetType@2262b621 {Lnet/minecraft/world/entity/animal/horse/SkeletonTrapGoal;} {} {V}
[10Aug2026 18:04:23.716] [main/DEBUG] [cpw.mods.modlauncher.TransformStore/MODLAUNCHER]: Adding transformer net.neoforged.neoforge.coremods.MethodRedirector@1ffcf674 to Target : cpw.mods.modlauncher.api.TargetType@2262b621 {Lnet/minecraft/world/entity/raid/Raid;} {} {V}
[10Aug2026 18:04:23.717] [main/DEBUG] [cpw.mods.modlauncher.TransformStore/MODLAUNCHER]: Adding transformer net.neoforged.neoforge.coremods.MethodRedirector@1ffcf674 to Target : cpw.mods.modlauncher.api.TargetType@2262b621 {Lnet/minecraft/world/entity/monster/Strider;} {} {V}
[10Aug2026 18:04:23.717] [main/DEBUG] [cpw.mods.modlauncher.TransformStore/MODLAUNCHER]: Adding transformer net.neoforged.neoforge.coremods.MethodRedirector@1ffcf674 to Target : cpw.mods.modlauncher.api.TargetType@2262b621 {Lnet/minecraft/world/level/levelgen/structure/structures/SwampHutPiece;} {} {V}
[10Aug2026 18:04:23.717] [main/DEBUG] [cpw.mods.modlauncher.TransformStore/MODLAUNCHER]: Adding transformer net.neoforged.neoforge.coremods.MethodRedirector@1ffcf674 to Target : cpw.mods.modlauncher.api.TargetType@2262b621 {Lnet/minecraft/world/entity/EntityType;} {} {V}
[10Aug2026 18:04:23.717] [main/DEBUG] [cpw.mods.modlauncher.TransformStore/MODLAUNCHER]: Adding transformer net.neoforged.neoforge.coremods.MethodRedirector@1ffcf674 to Target : cpw.mods.modlauncher.api.TargetType@2262b621 {Lnet/minecraft/world/entity/animal/frog/Tadpole;} {} {V}
[10Aug2026 18:04:23.717] [main/DEBUG] [cpw.mods.modlauncher.TransformStore/MODLAUNCHER]: Adding transformer net.neoforged.neoforge.coremods.MethodRedirector@1ffcf674 to Target : cpw.mods.modlauncher.api.TargetType@2262b621 {Lnet/minecraft/world/entity/npc/Villager;} {} {V}
[10Aug2026 18:04:23.718] [main/DEBUG] [cpw.mods.modlauncher.TransformStore/MODLAUNCHER]: Adding transformer net.neoforged.neoforge.coremods.MethodRedirector@1ffcf674 to Target : cpw.mods.modlauncher.api.TargetType@2262b621 {Lnet/minecraft/world/entity/npc/CatSpawner;} {} {V}
[10Aug2026 18:04:23.718] [main/DEBUG] [cpw.mods.modlauncher.TransformStore/MODLAUNCHER]: Adding transformer net.neoforged.neoforge.coremods.MethodRedirector@1ffcf674 to Target : cpw.mods.modlauncher.api.TargetType@2262b621 {Lnet/minecraft/server/commands/RaidCommand;} {} {V}
[10Aug2026 18:04:23.718] [main/DEBUG] [cpw.mods.modlauncher.TransformStore/MODLAUNCHER]: Adding transformer net.neoforged.neoforge.coremods.MethodRedirector@1ffcf674 to Target : cpw.mods.modlauncher.api.TargetType@2262b621 {Lnet/minecraft/world/level/levelgen/structure/structures/OceanRuinPieces$OceanRuinPiece;} {} {V}
[10Aug2026 18:04:23.718] [main/DEBUG] [cpw.mods.modlauncher.TransformStore/MODLAUNCHER]: Adding transformer net.neoforged.neoforge.coremods.MethodRedirector@1ffcf674 to Target : cpw.mods.modlauncher.api.TargetType@2262b621 {Lnet/minecraft/world/entity/monster/Evoker$EvokerSummonSpellGoal;} {} {V}
[10Aug2026 18:04:23.718] [main/DEBUG] [cpw.mods.modlauncher.TransformStore/MODLAUNCHER]: Adding transformer net.neoforged.neoforge.coremods.MethodRedirector@1ffcf674 to Target : cpw.mods.modlauncher.api.TargetType@2262b621 {Lnet/minecraft/world/level/levelgen/PatrolSpawner;} {} {V}
[10Aug2026 18:04:23.719] [main/DEBUG] [cpw.mods.modlauncher.TransformStore/MODLAUNCHER]: Adding transformer net.neoforged.neoforge.coremods.MethodRedirector@1ffcf674 to Target : cpw.mods.modlauncher.api.TargetType@2262b621 {Lnet/minecraft/world/level/levelgen/structure/templatesystem/StructureTemplate;} {} {V}
[10Aug2026 18:04:23.719] [main/DEBUG] [cpw.mods.modlauncher.TransformationServiceDecorator/MODLAUNCHER]: Initialized transformers for transformation service fml
[10Aug2026 18:04:26.680] [main/DEBUG] [mixin/]: Processing prepare() for PlatformAgent[MixinPlatformAgentDefault:ModLauncher Root Container(ModLauncher:4f56a0a2)]
[10Aug2026 18:04:26.680] [main/DEBUG] [mixin/]: Processing prepare() for PlatformAgent[MixinPlatformAgentDefault:net.neoforged.fml.loading.mixin.FMLMixinContainerHandle@28348c6]
[10Aug2026 18:04:26.680] [main/DEBUG] [mixin/]: Processing prepare() for PlatformAgent[FMLMixinPlatformAgent:null]
[10Aug2026 18:04:26.749] [main/DEBUG] [mixin/]: Processing launch tasks for PlatformAgent[MixinPlatformAgentDefault:ModLauncher Root Container(ModLauncher:4f56a0a2)]
[10Aug2026 18:04:26.750] [main/DEBUG] [mixin/]: Adding mixin platform agents for container SecureJarResource(mixin_synthetic)
[10Aug2026 18:04:26.750] [main/DEBUG] [mixin/]: Instancing new MixinPlatformAgentMinecraftForge for SecureJarResource(mixin_synthetic)
[10Aug2026 18:04:26.750] [main/DEBUG] [mixin/]: MixinPlatformAgentMinecraftForge rejected container SecureJarResource(mixin_synthetic)
[10Aug2026 18:04:26.750] [main/DEBUG] [mixin/]: Instancing new MixinPlatformAgentDefault for SecureJarResource(mixin_synthetic)
[10Aug2026 18:04:26.750] [main/DEBUG] [mixin/]: MixinPlatformAgentDefault accepted container SecureJarResource(mixin_synthetic)
[10Aug2026 18:04:26.751] [main/DEBUG] [mixin/]: Instancing new FMLMixinPlatformAgent for SecureJarResource(mixin_synthetic)
[10Aug2026 18:04:26.751] [main/DEBUG] [mixin/]: FMLMixinPlatformAgent rejected container SecureJarResource(mixin_synthetic)
[10Aug2026 18:04:26.751] [main/DEBUG] [mixin/]: Processing prepare() for PlatformAgent[MixinPlatformAgentDefault:SecureJarResource(mixin_synthetic)]
[10Aug2026 18:04:26.751] [main/DEBUG] [mixin/]: Adding mixin platform agents for container SecureJarResource(minecraft)
[10Aug2026 18:04:26.752] [main/DEBUG] [mixin/]: Instancing new MixinPlatformAgentMinecraftForge for SecureJarResource(minecraft)
[10Aug2026 18:04:26.752] [main/DEBUG] [mixin/]: MixinPlatformAgentMinecraftForge rejected container SecureJarResource(minecraft)
[10Aug2026 18:04:26.752] [main/DEBUG] [mixin/]: Instancing new MixinPlatformAgentDefault for SecureJarResource(minecraft)
[10Aug2026 18:04:26.752] [main/DEBUG] [mixin/]: MixinPlatformAgentDefault accepted container SecureJarResource(minecraft)
[10Aug2026 18:04:26.752] [main/DEBUG] [mixin/]: Instancing new FMLMixinPlatformAgent for SecureJarResource(minecraft)
[10Aug2026 18:04:26.753] [main/DEBUG] [mixin/]: FMLMixinPlatformAgent rejected container SecureJarResource(minecraft)
[10Aug2026 18:04:26.753] [main/DEBUG] [mixin/]: Processing prepare() for PlatformAgent[MixinPlatformAgentDefault:SecureJarResource(minecraft)]
[10Aug2026 18:04:26.753] [main/DEBUG] [mixin/]: Adding mixin platform agents for container SecureJarResource(immersion_in_traffic_context)
[10Aug2026 18:04:26.753] [main/DEBUG] [mixin/]: Instancing new MixinPlatformAgentMinecraftForge for SecureJarResource(immersion_in_traffic_context)
[10Aug2026 18:04:26.753] [main/DEBUG] [mixin/]: MixinPlatformAgentMinecraftForge rejected container SecureJarResource(immersion_in_traffic_context)
[10Aug2026 18:04:26.753] [main/DEBUG] [mixin/]: Instancing new MixinPlatformAgentDefault for SecureJarResource(immersion_in_traffic_context)
[10Aug2026 18:04:26.754] [main/DEBUG] [mixin/]: MixinPlatformAgentDefault accepted container SecureJarResource(immersion_in_traffic_context)
[10Aug2026 18:04:26.754] [main/DEBUG] [mixin/]: Instancing new FMLMixinPlatformAgent for SecureJarResource(immersion_in_traffic_context)
[10Aug2026 18:04:26.754] [main/DEBUG] [mixin/]: FMLMixinPlatformAgent rejected container SecureJarResource(immersion_in_traffic_context)
[10Aug2026 18:04:26.754] [main/DEBUG] [mixin/]: Processing prepare() for PlatformAgent[MixinPlatformAgentDefault:SecureJarResource(immersion_in_traffic_context)]
[10Aug2026 18:04:26.754] [main/DEBUG] [mixin/]: Adding mixin platform agents for container SecureJarResource(jei)
[10Aug2026 18:04:26.754] [main/DEBUG] [mixin/]: Instancing new MixinPlatformAgentMinecraftForge for SecureJarResource(jei)
[10Aug2026 18:04:26.754] [main/DEBUG] [mixin/]: MixinPlatformAgentMinecraftForge rejected container SecureJarResource(jei)
[10Aug2026 18:04:26.756] [main/DEBUG] [mixin/]: Instancing new MixinPlatformAgentDefault for SecureJarResource(jei)
[10Aug2026 18:04:26.756] [main/DEBUG] [mixin/]: MixinPlatformAgentDefault accepted container SecureJarResource(jei)
[10Aug2026 18:04:26.756] [main/DEBUG] [mixin/]: Instancing new FMLMixinPlatformAgent for SecureJarResource(jei)
[10Aug2026 18:04:26.756] [main/DEBUG] [mixin/]: FMLMixinPlatformAgent rejected container SecureJarResource(jei)
[10Aug2026 18:04:26.756] [main/DEBUG] [mixin/]: Processing prepare() for PlatformAgent[MixinPlatformAgentDefault:SecureJarResource(jei)]
[10Aug2026 18:04:26.757] [main/DEBUG] [mixin/]: Adding mixin platform agents for container SecureJarResource(mixinextras.neoforge)
[10Aug2026 18:04:26.757] [main/DEBUG] [mixin/]: Instancing new MixinPlatformAgentMinecraftForge for SecureJarResource(mixinextras.neoforge)
[10Aug2026 18:04:26.757] [main/DEBUG] [mixin/]: MixinPlatformAgentMinecraftForge rejected container SecureJarResource(mixinextras.neoforge)
[10Aug2026 18:04:26.757] [main/DEBUG] [mixin/]: Instancing new MixinPlatformAgentDefault for SecureJarResource(mixinextras.neoforge)
[10Aug2026 18:04:26.757] [main/DEBUG] [mixin/]: MixinPlatformAgentDefault accepted container SecureJarResource(mixinextras.neoforge)
[10Aug2026 18:04:26.757] [main/DEBUG] [mixin/]: Instancing new FMLMixinPlatformAgent for SecureJarResource(mixinextras.neoforge)
[10Aug2026 18:04:26.758] [main/DEBUG] [mixin/]: FMLMixinPlatformAgent rejected container SecureJarResource(mixinextras.neoforge)
[10Aug2026 18:04:26.758] [main/DEBUG] [mixin/]: Processing prepare() for PlatformAgent[MixinPlatformAgentDefault:SecureJarResource(mixinextras.neoforge)]
[10Aug2026 18:04:26.758] [main/DEBUG] [mixin/]: Registering mixin config: mixinextras.init.mixins.json source=SecureJarResource(mixinextras.neoforge)
[10Aug2026 18:04:26.762] [main/DEBUG] [mixin/]: inject() running with 7 agents
[10Aug2026 18:04:26.762] [main/DEBUG] [mixin/]: Processing inject() for PlatformAgent[MixinPlatformAgentDefault:ModLauncher Root Container(ModLauncher:4f56a0a2)]
[10Aug2026 18:04:26.762] [main/DEBUG] [mixin/]: Processing inject() for PlatformAgent[MixinPlatformAgentDefault:net.neoforged.fml.loading.mixin.FMLMixinContainerHandle@28348c6]
[10Aug2026 18:04:26.763] [main/DEBUG] [mixin/]: Processing inject() for PlatformAgent[FMLMixinPlatformAgent:null]
[10Aug2026 18:04:26.763] [main/DEBUG] [mixin/]: Processing inject() for PlatformAgent[MixinPlatformAgentDefault:SecureJarResource(mixin_synthetic)]
[10Aug2026 18:04:26.763] [main/DEBUG] [mixin/]: Processing inject() for PlatformAgent[MixinPlatformAgentDefault:SecureJarResource(minecraft)]
[10Aug2026 18:04:26.763] [main/DEBUG] [mixin/]: Processing inject() for PlatformAgent[MixinPlatformAgentDefault:SecureJarResource(immersion_in_traffic_context)]
[10Aug2026 18:04:26.763] [main/DEBUG] [mixin/]: Processing inject() for PlatformAgent[MixinPlatformAgentDefault:SecureJarResource(jei)]
[10Aug2026 18:04:26.764] [main/DEBUG] [mixin/]: Processing inject() for PlatformAgent[MixinPlatformAgentDefault:SecureJarResource(mixinextras.neoforge)]
[10Aug2026 18:04:26.764] [main/INFO] [cpw.mods.modlauncher.LaunchServiceHandler/MODLAUNCHER]: Launching target 'forgeclientdev' with arguments [--version, 21.1.232, --gameDir, ., --assetsDir, C:\Users\29406\.mcreator\gradle\caches\neoformruntime\assets, --assetIndex, 17]
[10Aug2026 18:04:26.827] [main/DEBUG] [mixin/]: Preparing mixins for MixinEnvironment[DEFAULT]
[10Aug2026 18:04:26.827] [main/DEBUG] [mixin/]: Selecting config neoforge.mixins.json
[10Aug2026 18:04:26.832] [main/DEBUG] [mixin/]: Selecting config mixinextras.init.mixins.json
[10Aug2026 18:04:26.917] [main/DEBUG] [MixinExtras|Service/]: com.llamalad7.mixinextras.service.MixinExtrasServiceImpl(version=0.5.3) is taking over from null
[10Aug2026 18:04:26.974] [main/DEBUG] [mixin/]: Registering new injector for @Inject with org.spongepowered.asm.mixin.injection.struct.CallbackInjectionInfo
[10Aug2026 18:04:26.976] [main/DEBUG] [mixin/]: Registering new injector for @ModifyArg with org.spongepowered.asm.mixin.injection.struct.ModifyArgInjectionInfo
[10Aug2026 18:04:26.977] [main/DEBUG] [mixin/]: Registering new injector for @ModifyArgs with org.spongepowered.asm.mixin.injection.struct.ModifyArgsInjectionInfo
[10Aug2026 18:04:26.979] [main/DEBUG] [mixin/]: Registering new injector for @Redirect with org.spongepowered.asm.mixin.injection.struct.RedirectInjectionInfo
[10Aug2026 18:04:26.980] [main/DEBUG] [mixin/]: Registering new injector for @ModifyVariable with org.spongepowered.asm.mixin.injection.struct.ModifyVariableInjectionInfo
[10Aug2026 18:04:26.981] [main/DEBUG] [mixin/]: Registering new injector for @ModifyConstant with org.spongepowered.asm.mixin.injection.struct.ModifyConstantInjectionInfo
[10Aug2026 18:04:27.003] [main/DEBUG] [mixin/]: Preparing neoforge.mixins.json (2)
[10Aug2026 18:04:27.073] [main/DEBUG] [mixin/]: Preparing mixinextras.init.mixins.json (0)
[10Aug2026 18:04:27.081] [main/DEBUG] [mixin/]: Prepared 2 mixins in 0.253 sec (126.5ms avg) (0ms load, 0ms transform, 0ms plugin)
[10Aug2026 18:04:27.646] [main/DEBUG] [io.netty.util.internal.logging.InternalLoggerFactory/]: Using SLF4J as the default logging framework
[10Aug2026 18:04:27.652] [main/DEBUG] [io.netty.util.ResourceLeakDetector/]: -Dio.netty.leakDetection.level: simple
[10Aug2026 18:04:27.652] [main/DEBUG] [io.netty.util.ResourceLeakDetector/]: -Dio.netty.leakDetection.targetRecords: 4
[10Aug2026 18:04:29.368] [main/DEBUG] [oshi.util.FileUtil/]: No oshi.properties file found from ClassLoader cpw.mods.modlauncher.TransformingClassLoader@65ec8b24
[10Aug2026 18:04:29.898] [Datafixer Bootstrap/INFO] [com.mojang.datafixers.DataFixerBuilder/]: 229 Datafixer optimizations took 595 milliseconds
[10Aug2026 18:04:30.167] [main/DEBUG] [oshi.util.FileUtil/]: No oshi.architecture.properties file found from ClassLoader cpw.mods.modlauncher.TransformingClassLoader@65ec8b24
[10Aug2026 18:04:30.296] [pool-8-thread-1/INFO] [MixinExtras|Service/]: Initializing MixinExtras via com.llamalad7.mixinextras.service.MixinExtrasServiceImpl(version=0.5.3).
[10Aug2026 18:04:30.298] [pool-8-thread-1/DEBUG] [mixin/]: Registering new injector for @SugarWrapper with com.llamalad7.mixinextras.sugar.impl.SugarWrapperInjectionInfo
[10Aug2026 18:04:30.299] [pool-8-thread-1/DEBUG] [mixin/]: Registering new injector for @FactoryRedirectWrapper with com.llamalad7.mixinextras.wrapper.factory.FactoryRedirectWrapperInjectionInfo
[10Aug2026 18:04:30.300] [pool-8-thread-1/DEBUG] [mixin/]: Registering new injector for @ExpressionInjectorWrapper with com.llamalad7.mixinextras.expression.impl.wrapper.ExpressionInjectorWrapperInjectionInfo
[10Aug2026 18:04:30.321] [pool-8-thread-1/DEBUG] [mixin/]: Mixing MappedRegistryAccessor from neoforge.mixins.json into net.minecraft.core.MappedRegistry
[10Aug2026 18:04:30.328] [pool-8-thread-1/DEBUG] [mixin/]: neoforge.mixins.json:MappedRegistryAccessor from mod neoforge: Class version 65 required is higher than the class version supported by the current version of Mixin (JAVA_16 supports class version 60)
[10Aug2026 18:04:32.324] [pool-8-thread-1/DEBUG] [mixin/]: Mixing BlockEntityTypeAccessor from neoforge.mixins.json into net.minecraft.world.level.block.entity.BlockEntityType
[10Aug2026 18:04:32.324] [pool-8-thread-1/DEBUG] [mixin/]: neoforge.mixins.json:BlockEntityTypeAccessor from mod neoforge: Class version 65 required is higher than the class version supported by the current version of Mixin (JAVA_16 supports class version 60)
[10Aug2026 18:04:34.884] [pool-8-thread-1/DEBUG] [io.netty.util.internal.PlatformDependent0/]: -Dio.netty.noUnsafe: false
[10Aug2026 18:04:34.884] [pool-8-thread-1/DEBUG] [io.netty.util.internal.PlatformDependent0/]: Java version: 21
[10Aug2026 18:04:34.887] [pool-8-thread-1/DEBUG] [io.netty.util.internal.PlatformDependent0/]: sun.misc.Unsafe.theUnsafe: available
[10Aug2026 18:04:34.888] [pool-8-thread-1/DEBUG] [io.netty.util.internal.PlatformDependent0/]: sun.misc.Unsafe.copyMemory: available
[10Aug2026 18:04:34.889] [pool-8-thread-1/DEBUG] [io.netty.util.internal.PlatformDependent0/]: sun.misc.Unsafe.storeFence: available
[10Aug2026 18:04:34.889] [pool-8-thread-1/DEBUG] [io.netty.util.internal.PlatformDependent0/]: java.nio.Buffer.address: available
[10Aug2026 18:04:34.890] [pool-8-thread-1/DEBUG] [io.netty.util.internal.PlatformDependent0/]: direct buffer constructor: unavailable: Reflective setAccessible(true) disabled
[10Aug2026 18:04:34.890] [pool-8-thread-1/DEBUG] [io.netty.util.internal.PlatformDependent0/]: java.nio.Bits.unaligned: available, true
[10Aug2026 18:04:34.892] [pool-8-thread-1/DEBUG] [io.netty.util.internal.PlatformDependent0/]: jdk.internal.misc.Unsafe.allocateUninitializedArray(int): unavailable: class io.netty.util.internal.PlatformDependent0$7 (in module io.netty.common) cannot access class jdk.internal.misc.Unsafe (in module java.base) because module java.base does not export jdk.internal.misc to module io.netty.common
[10Aug2026 18:04:34.894] [pool-8-thread-1/DEBUG] [io.netty.util.internal.PlatformDependent0/]: java.nio.DirectByteBuffer.<init>(long, {int,long}): unavailable
[10Aug2026 18:04:34.894] [pool-8-thread-1/DEBUG] [io.netty.util.internal.PlatformDependent/]: sun.misc.Unsafe: available
[10Aug2026 18:04:34.895] [pool-8-thread-1/DEBUG] [io.netty.util.internal.PlatformDependent/]: maxDirectMemory: 4288675840 bytes (maybe)
[10Aug2026 18:04:34.896] [pool-8-thread-1/DEBUG] [io.netty.util.internal.PlatformDependent/]: -Dio.netty.tmpdir: C:\Users\29406\AppData\Local\Temp (java.io.tmpdir)
[10Aug2026 18:04:34.896] [pool-8-thread-1/DEBUG] [io.netty.util.internal.PlatformDependent/]: -Dio.netty.bitMode: 64 (sun.arch.data.model)
[10Aug2026 18:04:34.897] [pool-8-thread-1/DEBUG] [io.netty.util.internal.PlatformDependent/]: Platform: Windows
[10Aug2026 18:04:34.898] [pool-8-thread-1/DEBUG] [io.netty.util.internal.PlatformDependent/]: -Dio.netty.maxDirectMemory: -1 bytes
[10Aug2026 18:04:34.898] [pool-8-thread-1/DEBUG] [io.netty.util.internal.PlatformDependent/]: -Dio.netty.uninitializedArrayAllocationThreshold: -1
[10Aug2026 18:04:34.900] [pool-8-thread-1/DEBUG] [io.netty.util.internal.CleanerJava9/]: java.nio.ByteBuffer.cleaner(): available
[10Aug2026 18:04:34.900] [pool-8-thread-1/DEBUG] [io.netty.util.internal.PlatformDependent/]: -Dio.netty.noPreferDirect: false
[10Aug2026 18:04:39.276] [main/WARN] [net.minecraft.commands.Commands/]: Ambiguity between arguments [teleport, location] and [teleport, destination] with inputs: [0.1 -0.5 .9, 0 0 0]
[10Aug2026 18:04:39.278] [main/WARN] [net.minecraft.commands.Commands/]: Ambiguity between arguments [teleport, location] and [teleport, targets] with inputs: [0.1 -0.5 .9, 0 0 0]
[10Aug2026 18:04:39.282] [main/WARN] [net.minecraft.commands.Commands/]: Ambiguity between arguments [teleport, destination] and [teleport, targets] with inputs: [Player, 0123, @e, dd12be42-52a9-4a91-a8a1-11c01849e498]
[10Aug2026 18:04:39.284] [main/WARN] [net.minecraft.commands.Commands/]: Ambiguity between arguments [teleport, targets] and [teleport, destination] with inputs: [Player, 0123, dd12be42-52a9-4a91-a8a1-11c01849e498]
[10Aug2026 18:04:39.285] [main/WARN] [net.minecraft.commands.Commands/]: Ambiguity between arguments [teleport, targets, location] and [teleport, targets, destination] with inputs: [0.1 -0.5 .9, 0 0 0]
[10Aug2026 18:04:39.522] [Render thread/WARN] [net.minecraft.server.packs.VanillaPackResourcesBuilder/]: Assets URL 'union:/C:/Users/29406/MCreatorWorkspaces/immersion_in_traffic_context/build/moddev/artifacts/neoforge-21.1.232.jar%23189!/assets/.mcassetsroot' uses unexpected schema
[10Aug2026 18:04:39.522] [Render thread/WARN] [net.minecraft.server.packs.VanillaPackResourcesBuilder/]: Assets URL 'union:/C:/Users/29406/MCreatorWorkspaces/immersion_in_traffic_context/build/moddev/artifacts/neoforge-21.1.232.jar%23189!/data/.mcassetsroot' uses unexpected schema
[10Aug2026 18:04:39.595] [Render thread/INFO] [com.mojang.authlib.yggdrasil.YggdrasilAuthenticationService/]: Environment: Environment[sessionHost=https://sessionserver.mojang.com, servicesHost=https://api.minecraftservices.com, name=PROD]
[10Aug2026 18:04:39.611] [Render thread/INFO] [net.minecraft.client.Minecraft/]: Setting user: Dev
[10Aug2026 18:04:39.814] [Render thread/INFO] [net.minecraft.client.Minecraft/]: Backend library: LWJGL version 3.3.3+5
[10Aug2026 18:04:40.100] [Render thread/DEBUG] [net.neoforged.fml.ModWorkManager/LOADING]: Using 16 threads for parallel mod-loading
[10Aug2026 18:04:40.164] [Render thread/DEBUG] [net.neoforged.fml.javafmlmod.FMLModContainer/LOADING]: Creating FMLModContainer instance for [net.neoforged.neoforge.common.NeoForgeMod, net.neoforged.neoforge.client.ClientNeoForgeMod]
[10Aug2026 18:04:40.180] [Render thread/DEBUG] [net.neoforged.fml.javafmlmod.FMLModContainer/LOADING]: Creating FMLModContainer instance for [net.mcreator.immersionintrafficcontext.ImmersionInTrafficContextMod]
[10Aug2026 18:04:40.184] [Render thread/DEBUG] [net.neoforged.fml.javafmlmod.FMLModContainer/LOADING]: Creating FMLModContainer instance for [mezz.jei.neoforge.JustEnoughItems]
[10Aug2026 18:04:40.250] [modloading-worker-0/DEBUG] [net.neoforged.fml.config.ConfigTracker/CONFIG]: Config file jei-server.toml for jei tracking
[10Aug2026 18:04:40.252] [modloading-worker-0/DEBUG] [net.neoforged.neoforge.internal.versions.neoforge.NeoForgeVersion/CORE]: Found NeoForge version 21.1.232
[10Aug2026 18:04:40.253] [modloading-worker-0/DEBUG] [net.neoforged.neoforge.internal.versions.neoforge.NeoForgeVersion/CORE]: Found FML version 4.0.42
[10Aug2026 18:04:40.253] [modloading-worker-0/INFO] [net.neoforged.neoforge.common.NeoForgeMod/NEOFORGE-MOD]: NeoForge mod loading, version 21.1.232, for MC 1.21.1
[10Aug2026 18:04:40.286] [modloading-worker-0/DEBUG] [mezz.jei.common.platform.Services/]: Loaded mezz.jei.neoforge.platform.PlatformHelper@64bc303a for service interface mezz.jei.common.platform.IPlatformHelper
[10Aug2026 18:04:40.288] [modloading-worker-0/DEBUG] [net.neoforged.fml.config.ConfigTracker/CONFIG]: Config file neoforge-client.toml for neoforge tracking
[10Aug2026 18:04:40.289] [modloading-worker-0/DEBUG] [net.neoforged.fml.config.ConfigTracker/CONFIG]: Config file neoforge-server.toml for neoforge tracking
[10Aug2026 18:04:40.289] [modloading-worker-0/DEBUG] [net.neoforged.fml.config.ConfigTracker/CONFIG]: Config file neoforge-common.toml for neoforge tracking
[10Aug2026 18:04:40.358] [modloading-worker-0/DEBUG] [mezz.jei.common.config.file.ConfigSerializer/]: Loading config file: C:\Users\29406\MCreatorWorkspaces\immersion_in_traffic_context\run\config\jei\jei-debug.ini
[10Aug2026 18:04:40.361] [modloading-worker-0/DEBUG] [mezz.jei.common.config.file.ConfigSchema/]: Localization has not loaded yet, waiting to save the config file until JEI starts.
[10Aug2026 18:04:40.365] [modloading-worker-0/DEBUG] [mezz.jei.common.config.file.ConfigSerializer/]: Loading config file: C:\Users\29406\MCreatorWorkspaces\immersion_in_traffic_context\run\config\jei\jei-mod-id-format.ini
[10Aug2026 18:04:40.367] [modloading-worker-0/DEBUG] [mezz.jei.common.config.file.ConfigSchema/]: Localization has not loaded yet, waiting to save the config file until JEI starts.
[10Aug2026 18:04:40.371] [modloading-worker-0/DEBUG] [mezz.jei.common.config.file.ConfigSerializer/]: Loading config file: C:\Users\29406\MCreatorWorkspaces\immersion_in_traffic_context\run\config\jei\jei-colors.ini
[10Aug2026 18:04:40.373] [modloading-worker-0/DEBUG] [mezz.jei.common.config.file.ConfigSchema/]: Localization has not loaded yet, waiting to save the config file until JEI starts.
[10Aug2026 18:04:40.393] [modloading-worker-0/DEBUG] [net.neoforged.fml.javafmlmod.AutomaticEventSubscriber/LOADING]: Attempting to inject @EventBusSubscriber classes into the eventbus for neoforge
[10Aug2026 18:04:40.393] [modloading-worker-0/DEBUG] [mezz.jei.common.config.file.ConfigSerializer/]: Loading config file: C:\Users\29406\MCreatorWorkspaces\immersion_in_traffic_context\run\config\jei\jei-client.ini
[10Aug2026 18:04:40.398] [modloading-worker-0/DEBUG] [mezz.jei.common.config.file.ConfigSchema/]: Localization has not loaded yet, waiting to save the config file until JEI starts.
[10Aug2026 18:04:40.399] [modloading-worker-0/DEBUG] [net.neoforged.fml.javafmlmod.AutomaticEventSubscriber/LOADING]: Scanning class net.neoforged.neoforge.server.command.ConfigCommand for @SubscribeEvent-annotated methods
[10Aug2026 18:04:40.401] [modloading-worker-0/DEBUG] [net.neoforged.fml.javafmlmod.AutomaticEventSubscriber/]: Subscribing @EventBusSubscriber class Lnet/neoforged/neoforge/server/command/ConfigCommand; to the game event bus
[10Aug2026 18:04:40.404] [modloading-worker-0/DEBUG] [net.neoforged.fml.javafmlmod.AutomaticEventSubscriber/LOADING]: Scanning class net.neoforged.neoforge.network.filters.GenericPacketSplitter for @SubscribeEvent-annotated methods
[10Aug2026 18:04:40.410] [modloading-worker-0/INFO] [mezz.jei.library.load.PluginCaller/]: Sending ConfigManager...
[10Aug2026 18:04:40.414] [modloading-worker-0/DEBUG] [mezz.jei.library.load.PluginCallerTimerRunnable/]: Sending ConfigManager: jei:minecraft...
[10Aug2026 18:04:40.414] [modloading-worker-0/DEBUG] [mezz.jei.library.load.PluginCallerTimerRunnable/]: Sending ConfigManager: immersion_in_traffic_context:brewing_recipes...
[10Aug2026 18:04:40.414] [modloading-worker-0/DEBUG] [mezz.jei.library.load.PluginCallerTimerRunnable/]: Sending ConfigManager: immersion_in_traffic_context:jei_plugin...
[10Aug2026 18:04:40.414] [modloading-worker-0/DEBUG] [mezz.jei.library.load.PluginCallerTimerRunnable/]: Sending ConfigManager: jei:neoforge_gui...
[10Aug2026 18:04:40.415] [modloading-worker-0/DEBUG] [mezz.jei.library.load.PluginCallerTimerRunnable/]: Sending ConfigManager: jei:debug...
[10Aug2026 18:04:40.415] [modloading-worker-0/DEBUG] [mezz.jei.library.load.PluginCallerTimerRunnable/]: Sending ConfigManager: jei:gui...
[10Aug2026 18:04:40.415] [modloading-worker-0/DEBUG] [mezz.jei.library.load.PluginCallerTimerRunnable/]: Sending ConfigManager: jei:internal...
[10Aug2026 18:04:40.419] [modloading-worker-0/INFO] [mezz.jei.library.load.PluginCaller/]: Sending ConfigManager took 5.649 ms
[10Aug2026 18:04:40.430] [modloading-worker-0/DEBUG] [net.neoforged.fml.javafmlmod.AutomaticEventSubscriber/LOADING]: Attempting to inject @EventBusSubscriber classes into the eventbus for jei
[10Aug2026 18:04:40.456] [modloading-worker-0/DEBUG] [io.netty.buffer.AbstractByteBuf/]: -Dio.netty.buffer.checkAccessible: true
[10Aug2026 18:04:40.456] [modloading-worker-0/DEBUG] [io.netty.buffer.AbstractByteBuf/]: -Dio.netty.buffer.checkBounds: true
[10Aug2026 18:04:40.458] [modloading-worker-0/DEBUG] [io.netty.util.ResourceLeakDetectorFactory/]: Loaded default ResourceLeakDetector: io.netty.util.ResourceLeakDetector@3e77844a
[10Aug2026 18:04:40.479] [modloading-worker-0/DEBUG] [io.netty.util.internal.InternalThreadLocalMap/]: -Dio.netty.threadLocalMap.stringBuilder.initialSize: 1024
[10Aug2026 18:04:40.481] [modloading-worker-0/DEBUG] [io.netty.util.internal.InternalThreadLocalMap/]: -Dio.netty.threadLocalMap.stringBuilder.maxSize: 4096
[10Aug2026 18:04:40.491] [modloading-worker-0/DEBUG] [io.netty.buffer.PooledByteBufAllocator/]: -Dio.netty.allocator.numHeapArenas: 32
[10Aug2026 18:04:40.491] [modloading-worker-0/DEBUG] [io.netty.buffer.PooledByteBufAllocator/]: -Dio.netty.allocator.numDirectArenas: 32
[10Aug2026 18:04:40.491] [modloading-worker-0/DEBUG] [io.netty.buffer.PooledByteBufAllocator/]: -Dio.netty.allocator.pageSize: 8192
[10Aug2026 18:04:40.491] [modloading-worker-0/DEBUG] [io.netty.buffer.PooledByteBufAllocator/]: -Dio.netty.allocator.maxOrder: 9
[10Aug2026 18:04:40.491] [modloading-worker-0/DEBUG] [io.netty.buffer.PooledByteBufAllocator/]: -Dio.netty.allocator.chunkSize: 4194304
[10Aug2026 18:04:40.492] [modloading-worker-0/DEBUG] [io.netty.buffer.PooledByteBufAllocator/]: -Dio.netty.allocator.smallCacheSize: 256
[10Aug2026 18:04:40.492] [modloading-worker-0/DEBUG] [io.netty.buffer.PooledByteBufAllocator/]: -Dio.netty.allocator.normalCacheSize: 64
[10Aug2026 18:04:40.492] [modloading-worker-0/DEBUG] [io.netty.buffer.PooledByteBufAllocator/]: -Dio.netty.allocator.maxCachedBufferCapacity: 32768
[10Aug2026 18:04:40.492] [modloading-worker-0/DEBUG] [io.netty.buffer.PooledByteBufAllocator/]: -Dio.netty.allocator.cacheTrimInterval: 8192
[10Aug2026 18:04:40.492] [modloading-worker-0/DEBUG] [io.netty.buffer.PooledByteBufAllocator/]: -Dio.netty.allocator.cacheTrimIntervalMillis: 0
[10Aug2026 18:04:40.492] [modloading-worker-0/DEBUG] [io.netty.buffer.PooledByteBufAllocator/]: -Dio.netty.allocator.useCacheForAllThreads: false
[10Aug2026 18:04:40.492] [modloading-worker-0/DEBUG] [io.netty.buffer.PooledByteBufAllocator/]: -Dio.netty.allocator.maxCachedByteBuffersPerChunk: 1023
[10Aug2026 18:04:40.506] [modloading-worker-0/DEBUG] [io.netty.buffer.ByteBufUtil/]: -Dio.netty.allocator.type: pooled
[10Aug2026 18:04:40.508] [modloading-worker-0/DEBUG] [io.netty.buffer.ByteBufUtil/]: -Dio.netty.threadLocalDirectBufferSize: 0
[10Aug2026 18:04:40.508] [modloading-worker-0/DEBUG] [io.netty.buffer.ByteBufUtil/]: -Dio.netty.maxThreadLocalCharBufferSize: 16384
[10Aug2026 18:04:40.520] [modloading-worker-0/DEBUG] [net.neoforged.fml.javafmlmod.AutomaticEventSubscriber/]: Subscribing @EventBusSubscriber class Lnet/neoforged/neoforge/network/filters/GenericPacketSplitter; to the mod event bus of mod neoforge
[10Aug2026 18:04:40.524] [modloading-worker-0/DEBUG] [net.neoforged.fml.javafmlmod.AutomaticEventSubscriber/LOADING]: Scanning class net.neoforged.neoforge.network.NetworkInitialization for @SubscribeEvent-annotated methods
[10Aug2026 18:04:40.526] [modloading-worker-0/DEBUG] [net.neoforged.fml.javafmlmod.AutomaticEventSubscriber/]: Subscribing @EventBusSubscriber class Lnet/neoforged/neoforge/network/NetworkInitialization; to the mod event bus of mod neoforge
[10Aug2026 18:04:40.527] [modloading-worker-0/DEBUG] [net.neoforged.fml.javafmlmod.AutomaticEventSubscriber/LOADING]: Scanning class net.neoforged.neoforge.network.ConfigurationInitialization for @SubscribeEvent-annotated methods
[10Aug2026 18:04:40.539] [modloading-worker-0/DEBUG] [net.neoforged.fml.javafmlmod.AutomaticEventSubscriber/]: Subscribing @EventBusSubscriber class Lnet/neoforged/neoforge/network/ConfigurationInitialization; to the mod event bus of mod neoforge
[10Aug2026 18:04:40.540] [modloading-worker-0/DEBUG] [net.neoforged.fml.javafmlmod.AutomaticEventSubscriber/LOADING]: Scanning class net.neoforged.neoforge.common.MonsterRoomHooks for @SubscribeEvent-annotated methods
[10Aug2026 18:04:40.545] [modloading-worker-0/DEBUG] [net.neoforged.fml.javafmlmod.AutomaticEventSubscriber/]: Subscribing @EventBusSubscriber class Lnet/neoforged/neoforge/common/MonsterRoomHooks; to the game event bus
[10Aug2026 18:04:40.547] [modloading-worker-0/DEBUG] [net.neoforged.fml.javafmlmod.AutomaticEventSubscriber/LOADING]: Scanning class net.neoforged.neoforge.common.DeferredSpawnEggItem$CommonHandler for @SubscribeEvent-annotated methods
[10Aug2026 18:04:40.549] [modloading-worker-0/DEBUG] [net.neoforged.fml.javafmlmod.AutomaticEventSubscriber/]: Subscribing @EventBusSubscriber class Lnet/neoforged/neoforge/common/DeferredSpawnEggItem$CommonHandler; to the mod event bus of mod neoforge
[10Aug2026 18:04:40.550] [modloading-worker-0/DEBUG] [net.neoforged.fml.javafmlmod.AutomaticEventSubscriber/LOADING]: Scanning class net.neoforged.neoforge.common.DeferredSpawnEggItem$ColorRegisterHandler for @SubscribeEvent-annotated methods
[10Aug2026 18:04:40.553] [modloading-worker-0/DEBUG] [net.neoforged.fml.javafmlmod.AutomaticEventSubscriber/]: Subscribing @EventBusSubscriber class Lnet/neoforged/neoforge/common/DeferredSpawnEggItem$ColorRegisterHandler; to the mod event bus of mod neoforge
[10Aug2026 18:04:40.553] [modloading-worker-0/DEBUG] [net.neoforged.fml.javafmlmod.AutomaticEventSubscriber/LOADING]: Scanning class net.neoforged.neoforge.client.model.data.ModelDataManager for @SubscribeEvent-annotated methods
[10Aug2026 18:04:40.557] [modloading-worker-0/DEBUG] [net.neoforged.fml.javafmlmod.AutomaticEventSubscriber/]: Subscribing @EventBusSubscriber class Lnet/neoforged/neoforge/client/model/data/ModelDataManager; to the game event bus
[10Aug2026 18:04:40.558] [modloading-worker-0/DEBUG] [net.neoforged.fml.javafmlmod.AutomaticEventSubscriber/LOADING]: Scanning class net.neoforged.neoforge.client.ParticleBoundsDebugRenderer for @SubscribeEvent-annotated methods
[10Aug2026 18:04:40.565] [modloading-worker-0/DEBUG] [net.neoforged.fml.javafmlmod.AutomaticEventSubscriber/]: Subscribing @EventBusSubscriber class Lnet/neoforged/neoforge/client/ParticleBoundsDebugRenderer; to the game event bus
[10Aug2026 18:04:40.568] [modloading-worker-0/DEBUG] [net.neoforged.fml.javafmlmod.AutomaticEventSubscriber/LOADING]: Scanning class net.neoforged.neoforge.client.ClientHooks$ClientEvents for @SubscribeEvent-annotated methods
[10Aug2026 18:04:40.573] [modloading-worker-0/DEBUG] [net.neoforged.fml.javafmlmod.AutomaticEventSubscriber/]: Subscribing @EventBusSubscriber class Lnet/neoforged/neoforge/client/ClientHooks$ClientEvents; to the mod event bus of mod neoforge
[10Aug2026 18:04:40.575] [modloading-worker-0/DEBUG] [net.neoforged.fml.javafmlmod.AutomaticEventSubscriber/LOADING]: Scanning class net.neoforged.neoforge.client.BlockEntityRenderBoundsDebugRenderer for @SubscribeEvent-annotated methods
[10Aug2026 18:04:40.576] [modloading-worker-0/DEBUG] [net.neoforged.fml.javafmlmod.AutomaticEventSubscriber/]: Subscribing @EventBusSubscriber class Lnet/neoforged/neoforge/client/BlockEntityRenderBoundsDebugRenderer; to the game event bus
[10Aug2026 18:04:40.576] [modloading-worker-0/DEBUG] [net.neoforged.fml.javafmlmod.AutomaticEventSubscriber/LOADING]: Scanning class net.neoforged.neoforge.attachment.AttachmentSync for @SubscribeEvent-annotated methods
[10Aug2026 18:04:40.582] [modloading-worker-0/DEBUG] [net.neoforged.fml.javafmlmod.AutomaticEventSubscriber/]: Subscribing @EventBusSubscriber class Lnet/neoforged/neoforge/attachment/AttachmentSync; to the game event bus
[10Aug2026 18:04:40.583] [modloading-worker-0/DEBUG] [net.neoforged.fml.javafmlmod.AutomaticEventSubscriber/LOADING]: Scanning class net.neoforged.neoforge.attachment.AttachmentInternals for @SubscribeEvent-annotated methods
[10Aug2026 18:04:40.583] [modloading-worker-0/DEBUG] [net.neoforged.fml.javafmlmod.AutomaticEventSubscriber/]: Subscribing @EventBusSubscriber class Lnet/neoforged/neoforge/attachment/AttachmentInternals; to the game event bus
[10Aug2026 18:04:40.756] [modloading-worker-0/DEBUG] [net.neoforged.fml.javafmlmod.AutomaticEventSubscriber/LOADING]: Attempting to inject @EventBusSubscriber classes into the eventbus for immersion_in_traffic_context
[10Aug2026 18:04:40.757] [modloading-worker-0/DEBUG] [net.neoforged.fml.javafmlmod.AutomaticEventSubscriber/LOADING]: Scanning class net.mcreator.immersionintrafficcontext.command.Give1Command for @SubscribeEvent-annotated methods
[10Aug2026 18:04:40.761] [modloading-worker-0/DEBUG] [net.neoforged.fml.javafmlmod.AutomaticEventSubscriber/]: Subscribing @EventBusSubscriber class Lnet/mcreator/immersionintrafficcontext/command/Give1Command; to the game event bus
[10Aug2026 18:04:40.762] [modloading-worker-0/DEBUG] [net.neoforged.fml.javafmlmod.AutomaticEventSubscriber/LOADING]: Scanning class net.mcreator.immersionintrafficcontext.fluid.types.EthyleneFluidType for @SubscribeEvent-annotated methods
[10Aug2026 18:04:40.762] [modloading-worker-0/DEBUG] [net.neoforged.fml.javafmlmod.AutomaticEventSubscriber/]: Subscribing @EventBusSubscriber class Lnet/mcreator/immersionintrafficcontext/fluid/types/EthyleneFluidType; to the mod event bus of mod immersion_in_traffic_context
[10Aug2026 18:04:40.767] [modloading-worker-0/DEBUG] [net.neoforged.fml.javafmlmod.AutomaticEventSubscriber/LOADING]: Scanning class net.mcreator.immersionintrafficcontext.fluid.types.LiquidBitumenFluidType for @SubscribeEvent-annotated methods
[10Aug2026 18:04:40.768] [modloading-worker-0/DEBUG] [net.neoforged.fml.javafmlmod.AutomaticEventSubscriber/]: Subscribing @EventBusSubscriber class Lnet/mcreator/immersionintrafficcontext/fluid/types/LiquidBitumenFluidType; to the mod event bus of mod immersion_in_traffic_context
[10Aug2026 18:04:40.768] [modloading-worker-0/DEBUG] [net.neoforged.fml.javafmlmod.AutomaticEventSubscriber/LOADING]: Scanning class net.mcreator.immersionintrafficcontext.fluid.types.PetroleumFluidType for @SubscribeEvent-annotated methods
[10Aug2026 18:04:40.768] [modloading-worker-0/DEBUG] [net.neoforged.fml.javafmlmod.AutomaticEventSubscriber/]: Subscribing @EventBusSubscriber class Lnet/mcreator/immersionintrafficcontext/fluid/types/PetroleumFluidType; to the mod event bus of mod immersion_in_traffic_context
[10Aug2026 18:04:40.769] [modloading-worker-0/DEBUG] [net.neoforged.fml.javafmlmod.AutomaticEventSubscriber/LOADING]: Scanning class net.mcreator.immersionintrafficcontext.init.ImmersionInTrafficContextModBlockEntities for @SubscribeEvent-annotated methods
[10Aug2026 18:04:40.769] [modloading-worker-0/DEBUG] [net.neoforged.fml.javafmlmod.AutomaticEventSubscriber/]: Subscribing @EventBusSubscriber class Lnet/mcreator/immersionintrafficcontext/init/ImmersionInTrafficContextModBlockEntities; to the mod event bus of mod immersion_in_traffic_context
[10Aug2026 18:04:40.769] [modloading-worker-0/DEBUG] [net.neoforged.fml.javafmlmod.AutomaticEventSubscriber/LOADING]: Scanning class net.mcreator.immersionintrafficcontext.init.ImmersionInTrafficContextModFluids$FluidsClientSideHandler for @SubscribeEvent-annotated methods
[10Aug2026 18:04:40.773] [modloading-worker-0/DEBUG] [net.neoforged.fml.javafmlmod.AutomaticEventSubscriber/]: Subscribing @EventBusSubscriber class Lnet/mcreator/immersionintrafficcontext/init/ImmersionInTrafficContextModFluids$FluidsClientSideHandler; to the mod event bus of mod immersion_in_traffic_context
[10Aug2026 18:04:40.773] [modloading-worker-0/DEBUG] [net.neoforged.fml.javafmlmod.AutomaticEventSubscriber/LOADING]: Scanning class net.mcreator.immersionintrafficcontext.init.ImmersionInTrafficContextModFuels for @SubscribeEvent-annotated methods
[10Aug2026 18:04:40.775] [modloading-worker-0/DEBUG] [net.neoforged.fml.javafmlmod.AutomaticEventSubscriber/]: Subscribing @EventBusSubscriber class Lnet/mcreator/immersionintrafficcontext/init/ImmersionInTrafficContextModFuels; to the game event bus
[10Aug2026 18:04:40.775] [modloading-worker-0/DEBUG] [net.neoforged.fml.javafmlmod.AutomaticEventSubscriber/LOADING]: Scanning class net.mcreator.immersionintrafficcontext.init.ImmersionInTrafficContextModItems for @SubscribeEvent-annotated methods
[10Aug2026 18:04:40.775] [modloading-worker-0/DEBUG] [net.neoforged.fml.javafmlmod.AutomaticEventSubscriber/]: Subscribing @EventBusSubscriber class Lnet/mcreator/immersionintrafficcontext/init/ImmersionInTrafficContextModItems; to the mod event bus of mod immersion_in_traffic_context
[10Aug2026 18:04:40.776] [modloading-worker-0/DEBUG] [net.neoforged.fml.javafmlmod.AutomaticEventSubscriber/LOADING]: Scanning class net.mcreator.immersionintrafficcontext.init.ImmersionInTrafficContextModModels for @SubscribeEvent-annotated methods
[10Aug2026 18:04:40.778] [modloading-worker-0/DEBUG] [net.neoforged.fml.javafmlmod.AutomaticEventSubscriber/]: Subscribing @EventBusSubscriber class Lnet/mcreator/immersionintrafficcontext/init/ImmersionInTrafficContextModModels; to the mod event bus of mod immersion_in_traffic_context
[10Aug2026 18:04:40.778] [modloading-worker-0/DEBUG] [net.neoforged.fml.javafmlmod.AutomaticEventSubscriber/LOADING]: Scanning class net.mcreator.immersionintrafficcontext.init.ImmersionInTrafficContextModRecipeTypes for @SubscribeEvent-annotated methods
[10Aug2026 18:04:40.782] [modloading-worker-0/DEBUG] [net.neoforged.fml.javafmlmod.AutomaticEventSubscriber/]: Subscribing @EventBusSubscriber class Lnet/mcreator/immersionintrafficcontext/init/ImmersionInTrafficContextModRecipeTypes; to the mod event bus of mod immersion_in_traffic_context
[10Aug2026 18:04:40.782] [modloading-worker-0/DEBUG] [net.neoforged.fml.javafmlmod.AutomaticEventSubscriber/LOADING]: Scanning class net.mcreator.immersionintrafficcontext.init.ImmersionInTrafficContextModScreens for @SubscribeEvent-annotated methods
[10Aug2026 18:04:40.784] [modloading-worker-0/DEBUG] [net.neoforged.fml.javafmlmod.AutomaticEventSubscriber/]: Subscribing @EventBusSubscriber class Lnet/mcreator/immersionintrafficcontext/init/ImmersionInTrafficContextModScreens; to the mod event bus of mod immersion_in_traffic_context
[10Aug2026 18:04:40.785] [modloading-worker-0/DEBUG] [net.neoforged.fml.javafmlmod.AutomaticEventSubscriber/LOADING]: Scanning class net.mcreator.immersionintrafficcontext.item.inventory.IndustrialFurnaceUserManualInventoryCapability for @SubscribeEvent-annotated methods
[10Aug2026 18:04:40.787] [modloading-worker-0/DEBUG] [net.neoforged.fml.javafmlmod.AutomaticEventSubscriber/]: Subscribing @EventBusSubscriber class Lnet/mcreator/immersionintrafficcontext/item/inventory/IndustrialFurnaceUserManualInventoryCapability; to the game event bus
[10Aug2026 18:04:40.788] [modloading-worker-0/DEBUG] [net.neoforged.fml.javafmlmod.AutomaticEventSubscriber/LOADING]: Scanning class net.mcreator.immersionintrafficcontext.item.inventory.RoadEngineeringInventoryCapability for @SubscribeEvent-annotated methods
[10Aug2026 18:04:40.789] [modloading-worker-0/DEBUG] [net.neoforged.fml.javafmlmod.AutomaticEventSubscriber/]: Subscribing @EventBusSubscriber class Lnet/mcreator/immersionintrafficcontext/item/inventory/RoadEngineeringInventoryCapability; to the game event bus
[10Aug2026 18:04:40.789] [modloading-worker-0/DEBUG] [net.neoforged.fml.javafmlmod.AutomaticEventSubscriber/LOADING]: Scanning class net.mcreator.immersionintrafficcontext.item.SafetyItem for @SubscribeEvent-annotated methods
[10Aug2026 18:04:40.790] [modloading-worker-0/DEBUG] [net.neoforged.fml.javafmlmod.AutomaticEventSubscriber/]: Subscribing @EventBusSubscriber class Lnet/mcreator/immersionintrafficcontext/item/SafetyItem; to the mod event bus of mod immersion_in_traffic_context
[10Aug2026 18:04:40.794] [modloading-worker-0/DEBUG] [net.neoforged.fml.javafmlmod.AutomaticEventSubscriber/LOADING]: Scanning class net.mcreator.immersionintrafficcontext.network.A1SlotMessage for @SubscribeEvent-annotated methods
[10Aug2026 18:04:40.796] [modloading-worker-0/DEBUG] [net.neoforged.fml.javafmlmod.AutomaticEventSubscriber/]: Subscribing @EventBusSubscriber class Lnet/mcreator/immersionintrafficcontext/network/A1SlotMessage; to the mod event bus of mod immersion_in_traffic_context
[10Aug2026 18:04:40.801] [modloading-worker-0/DEBUG] [net.neoforged.fml.javafmlmod.AutomaticEventSubscriber/LOADING]: Scanning class net.mcreator.immersionintrafficcontext.network.ImmersionInTrafficContextModVariables for @SubscribeEvent-annotated methods
[10Aug2026 18:04:40.801] [modloading-worker-0/DEBUG] [net.neoforged.fml.javafmlmod.AutomaticEventSubscriber/LOADING]: Found mix of game bus and mod bus listeners in @EventBusSubscriber class Lnet/mcreator/immersionintrafficcontext/network/ImmersionInTrafficContextModVariables;, registering them separately
[10Aug2026 18:04:40.802] [modloading-worker-0/DEBUG] [net.neoforged.fml.javafmlmod.AutomaticEventSubscriber/LOADING]: Subscribing method public static void net.mcreator.immersionintrafficcontext.network.ImmersionInTrafficContextModVariables.init(net.neoforged.fml.event.lifecycle.FMLCommonSetupEvent) to the event bus of mod immersion_in_traffic_context
[10Aug2026 18:04:40.802] [modloading-worker-0/DEBUG] [net.neoforged.fml.javafmlmod.AutomaticEventSubscriber/LOADING]: Subscribing method public static void net.mcreator.immersionintrafficcontext.network.ImmersionInTrafficContextModVariables.onPlayerChangedDimension(net.neoforged.neoforge.event.entity.player.PlayerEvent$PlayerChangedDimensionEvent) to the game event bus
[10Aug2026 18:04:40.803] [modloading-worker-0/DEBUG] [net.neoforged.fml.javafmlmod.AutomaticEventSubscriber/LOADING]: Subscribing method public static void net.mcreator.immersionintrafficcontext.network.ImmersionInTrafficContextModVariables.onWorldTick(net.neoforged.neoforge.event.tick.LevelTickEvent$Post) to the game event bus
[10Aug2026 18:04:40.803] [modloading-worker-0/DEBUG] [net.neoforged.fml.javafmlmod.AutomaticEventSubscriber/LOADING]: Subscribing method public static void net.mcreator.immersionintrafficcontext.network.ImmersionInTrafficContextModVariables.onPlayerLoggedIn(net.neoforged.neoforge.event.entity.player.PlayerEvent$PlayerLoggedInEvent) to the game event bus
[10Aug2026 18:04:40.804] [modloading-worker-0/DEBUG] [net.neoforged.fml.javafmlmod.AutomaticEventSubscriber/LOADING]: Scanning class net.mcreator.immersionintrafficcontext.network.Itc1ButtonMessage for @SubscribeEvent-annotated methods
[10Aug2026 18:04:40.806] [modloading-worker-0/DEBUG] [net.neoforged.fml.javafmlmod.AutomaticEventSubscriber/]: Subscribing @EventBusSubscriber class Lnet/mcreator/immersionintrafficcontext/network/Itc1ButtonMessage; to the mod event bus of mod immersion_in_traffic_context
[10Aug2026 18:04:40.806] [modloading-worker-0/DEBUG] [net.neoforged.fml.javafmlmod.AutomaticEventSubscriber/LOADING]: Scanning class net.mcreator.immersionintrafficcontext.network.Itc2ButtonMessage for @SubscribeEvent-annotated methods
[10Aug2026 18:04:40.808] [modloading-worker-0/DEBUG] [net.neoforged.fml.javafmlmod.AutomaticEventSubscriber/]: Subscribing @EventBusSubscriber class Lnet/mcreator/immersionintrafficcontext/network/Itc2ButtonMessage; to the mod event bus of mod immersion_in_traffic_context
[10Aug2026 18:04:40.808] [modloading-worker-0/DEBUG] [net.neoforged.fml.javafmlmod.AutomaticEventSubscriber/LOADING]: Scanning class net.mcreator.immersionintrafficcontext.network.Itc3ButtonMessage for @SubscribeEvent-annotated methods
[10Aug2026 18:04:40.810] [modloading-worker-0/DEBUG] [net.neoforged.fml.javafmlmod.AutomaticEventSubscriber/]: Subscribing @EventBusSubscriber class Lnet/mcreator/immersionintrafficcontext/network/Itc3ButtonMessage; to the mod event bus of mod immersion_in_traffic_context
[10Aug2026 18:04:40.810] [modloading-worker-0/DEBUG] [net.neoforged.fml.javafmlmod.AutomaticEventSubscriber/LOADING]: Scanning class net.mcreator.immersionintrafficcontext.network.Itc4ButtonMessage for @SubscribeEvent-annotated methods
[10Aug2026 18:04:40.812] [modloading-worker-0/DEBUG] [net.neoforged.fml.javafmlmod.AutomaticEventSubscriber/]: Subscribing @EventBusSubscriber class Lnet/mcreator/immersionintrafficcontext/network/Itc4ButtonMessage; to the mod event bus of mod immersion_in_traffic_context
[10Aug2026 18:04:40.812] [modloading-worker-0/DEBUG] [net.neoforged.fml.javafmlmod.AutomaticEventSubscriber/LOADING]: Scanning class net.mcreator.immersionintrafficcontext.network.ITCButtonMessage for @SubscribeEvent-annotated methods
[10Aug2026 18:04:40.814] [modloading-worker-0/DEBUG] [net.neoforged.fml.javafmlmod.AutomaticEventSubscriber/]: Subscribing @EventBusSubscriber class Lnet/mcreator/immersionintrafficcontext/network/ITCButtonMessage; to the mod event bus of mod immersion_in_traffic_context
[10Aug2026 18:04:40.814] [modloading-worker-0/DEBUG] [net.neoforged.fml.javafmlmod.AutomaticEventSubscriber/LOADING]: Scanning class net.mcreator.immersionintrafficcontext.network.MenuStateUpdateMessage for @SubscribeEvent-annotated methods
[10Aug2026 18:04:40.816] [modloading-worker-0/DEBUG] [net.neoforged.fml.javafmlmod.AutomaticEventSubscriber/]: Subscribing @EventBusSubscriber class Lnet/mcreator/immersionintrafficcontext/network/MenuStateUpdateMessage; to the mod event bus of mod immersion_in_traffic_context
[10Aug2026 18:04:40.816] [modloading-worker-0/DEBUG] [net.neoforged.fml.javafmlmod.AutomaticEventSubscriber/LOADING]: Scanning class net.mcreator.immersionintrafficcontext.network.TrafficLightButtonMessage for @SubscribeEvent-annotated methods
[10Aug2026 18:04:40.818] [modloading-worker-0/DEBUG] [net.neoforged.fml.javafmlmod.AutomaticEventSubscriber/]: Subscribing @EventBusSubscriber class Lnet/mcreator/immersionintrafficcontext/network/TrafficLightButtonMessage; to the mod event bus of mod immersion_in_traffic_context
[10Aug2026 18:04:40.819] [modloading-worker-0/DEBUG] [net.neoforged.fml.javafmlmod.AutomaticEventSubscriber/LOADING]: Scanning class net.mcreator.immersionintrafficcontext.world.inventory.TrafficLightMenu for @SubscribeEvent-annotated methods
[10Aug2026 18:04:40.819] [modloading-worker-0/DEBUG] [net.neoforged.fml.javafmlmod.AutomaticEventSubscriber/]: Subscribing @EventBusSubscriber class Lnet/mcreator/immersionintrafficcontext/world/inventory/TrafficLightMenu; to the game event bus
[10Aug2026 18:04:40.826] [modloading-sync-worker/DEBUG] [net.neoforged.fml.DeferredWorkQueue/LOADING]: Dispatching synchronous work for work queue Mod Construction: 1 jobs
[10Aug2026 18:04:40.828] [modloading-sync-worker/DEBUG] [net.neoforged.fml.DeferredWorkQueue/LOADING]: Synchronous work queue completed in 1.399 ms
[10Aug2026 18:04:41.389] [modloading-sync-worker/DEBUG] [net.neoforged.fml.config.ConfigTracker/CONFIG]: Loading configs type CLIENT
[10Aug2026 18:04:41.419] [modloading-sync-worker/DEBUG] [net.neoforged.neoforge.common.NeoForgeConfig/FORGEMOD]: Loaded NeoForge config file neoforge-client.toml
[10Aug2026 18:04:41.419] [modloading-sync-worker/DEBUG] [net.neoforged.fml.config.ConfigTracker/CONFIG]: Loaded TOML config file C:\Users\29406\MCreatorWorkspaces\immersion_in_traffic_context\run\config\neoforge-client.toml
[10Aug2026 18:04:41.428] [modloading-sync-worker/DEBUG] [net.neoforged.fml.config.ConfigTracker/CONFIG]: Watching TOML config file C:\Users\29406\MCreatorWorkspaces\immersion_in_traffic_context\run\config\neoforge-client.toml for changes
[10Aug2026 18:04:41.428] [modloading-sync-worker/DEBUG] [net.neoforged.fml.config.ConfigTracker/CONFIG]: Loading configs type COMMON
[10Aug2026 18:04:41.430] [modloading-sync-worker/DEBUG] [net.neoforged.neoforge.common.NeoForgeConfig/FORGEMOD]: Loaded NeoForge config file neoforge-common.toml
[10Aug2026 18:04:41.430] [modloading-sync-worker/DEBUG] [net.neoforged.fml.config.ConfigTracker/CONFIG]: Loaded TOML config file C:\Users\29406\MCreatorWorkspaces\immersion_in_traffic_context\run\config\neoforge-common.toml
[10Aug2026 18:04:41.431] [modloading-sync-worker/DEBUG] [net.neoforged.fml.config.ConfigTracker/CONFIG]: Watching TOML config file C:\Users\29406\MCreatorWorkspaces\immersion_in_traffic_context\run\config\neoforge-common.toml for changes
[10Aug2026 18:04:42.253] [Render thread/INFO] [net.neoforged.neoforge.gametest.GameTestHooks/]: Enabled Gametest Namespaces: []
[10Aug2026 18:04:42.528] [Render thread/INFO] [net.minecraft.server.packs.resources.ReloadableResourceManager/]: Reloading ResourceManager: vanilla, mod_resources, mod/neoforge, mod/immersion_in_traffic_context, mod/jei
[10Aug2026 18:04:42.736] [Render thread/DEBUG] [net.neoforged.fml.DeferredWorkQueue/LOADING]: Dispatching synchronous work for work queue Common setup: 1 jobs
[10Aug2026 18:04:42.739] [Render thread/DEBUG] [net.neoforged.fml.DeferredWorkQueue/LOADING]: Synchronous work queue completed in 1.455 ms
[10Aug2026 18:04:42.771] [Worker-Main-13/INFO] [net.minecraft.client.gui.font.providers.UnihexProvider/]: Found unifont_all_no_pua-15.1.05.hex, loading
[10Aug2026 18:04:42.938] [Worker-Main-4/INFO] [net.minecraft.client.gui.font.providers.UnihexProvider/]: Found unifont_jp_patch-15.1.05.hex, loading
[10Aug2026 18:04:43.436] [Worker-Main-6/ERROR] [net.minecraft.client.resources.model.ModelManager/]: Failed to load model immersion_in_traffic_context:models/custom/i1.json
com.google.gson.JsonParseException: Invalid rotation 14.0 found, only -45/-22.5/0/22.5/45 allowed
	at TRANSFORMER/minecraft@1.21.1/net.minecraft.client.renderer.block.model.BlockElement$Deserializer.getAngle(BlockElement.java:115) ~[neoforge-21.1.232.jar%23189!/:?]
	at TRANSFORMER/minecraft@1.21.1/net.minecraft.client.renderer.block.model.BlockElement$Deserializer.getRotation(BlockElement.java:104) ~[neoforge-21.1.232.jar%23189!/:?]
	at TRANSFORMER/minecraft@1.21.1/net.minecraft.client.renderer.block.model.BlockElement$Deserializer.deserialize(BlockElement.java:84) ~[neoforge-21.1.232.jar%23189!/:?]
	at TRANSFORMER/minecraft@1.21.1/net.minecraft.client.renderer.block.model.BlockElement$Deserializer.deserialize(BlockElement.java:76) ~[neoforge-21.1.232.jar%23189!/:?]
	at MC-BOOTSTRAP/com.google.gson@2.10.1/com.google.gson.internal.bind.TreeTypeAdapter.read(TreeTypeAdapter.java:76) ~[gson-2.10.1.jar%23110!/:?]
	at MC-BOOTSTRAP/com.google.gson@2.10.1/com.google.gson.Gson.fromJson(Gson.java:1227) ~[gson-2.10.1.jar%23110!/:?]
	at MC-BOOTSTRAP/com.google.gson@2.10.1/com.google.gson.Gson.fromJson(Gson.java:1329) ~[gson-2.10.1.jar%23110!/:?]
	at MC-BOOTSTRAP/com.google.gson@2.10.1/com.google.gson.Gson.fromJson(Gson.java:1300) ~[gson-2.10.1.jar%23110!/:?]
	at MC-BOOTSTRAP/com.google.gson@2.10.1/com.google.gson.internal.bind.TreeTypeAdapter$GsonContextImpl.deserialize(TreeTypeAdapter.java:179) ~[gson-2.10.1.jar%23110!/:?]
	at TRANSFORMER/minecraft@1.21.1/net.minecraft.client.renderer.block.model.BlockModel$Deserializer.getElements(BlockModel.java:409) ~[neoforge-21.1.232.jar%23189!/:?]
	at TRANSFORMER/minecraft@1.21.1/net.minecraft.client.renderer.block.model.BlockModel$Deserializer.deserialize(BlockModel.java:338) ~[neoforge-21.1.232.jar%23189!/:?]
	at TRANSFORMER/neoforge@21.1.232/net.neoforged.neoforge.client.model.ExtendedBlockModelDeserializer.deserialize(ExtendedBlockModelDeserializer.java:51) ~[neoforge-21.1.232.jar%23190!/:?]
	at TRANSFORMER/neoforge@21.1.232/net.neoforged.neoforge.client.model.ExtendedBlockModelDeserializer.deserialize(ExtendedBlockModelDeserializer.java:37) ~[neoforge-21.1.232.jar%23190!/:?]
	at MC-BOOTSTRAP/com.google.gson@2.10.1/com.google.gson.internal.bind.TreeTypeAdapter.read(TreeTypeAdapter.java:76) ~[gson-2.10.1.jar%23110!/:?]
	at TRANSFORMER/minecraft@1.21.1/net.minecraft.util.GsonHelper.fromNullableJson(GsonHelper.java:432) ~[neoforge-21.1.232.jar%23189!/:?]
	at TRANSFORMER/minecraft@1.21.1/net.minecraft.util.GsonHelper.fromJson(GsonHelper.java:439) ~[neoforge-21.1.232.jar%23189!/:?]
	at TRANSFORMER/minecraft@1.21.1/net.minecraft.util.GsonHelper.fromJson(GsonHelper.java:491) ~[neoforge-21.1.232.jar%23189!/:?]
	at TRANSFORMER/minecraft@1.21.1/net.minecraft.client.renderer.block.model.BlockModel.fromStream(BlockModel.java:83) ~[neoforge-21.1.232.jar%23189!/:?]
	at TRANSFORMER/minecraft@1.21.1/net.minecraft.client.resources.model.ModelManager.lambda$loadBlockModels$8(ModelManager.java:144) ~[neoforge-21.1.232.jar%23189!/:?]
	at java.base/java.util.concurrent.CompletableFuture$AsyncSupply.run(CompletableFuture.java:1768) [?:?]
	at java.base/java.util.concurrent.CompletableFuture$AsyncSupply.exec(CompletableFuture.java:1760) [?:?]
	at java.base/java.util.concurrent.ForkJoinTask.doExec(ForkJoinTask.java:387) [?:?]
	at java.base/java.util.concurrent.ForkJoinPool$WorkQueue.topLevelExec(ForkJoinPool.java:1312) [?:?]
	at java.base/java.util.concurrent.ForkJoinPool.scan(ForkJoinPool.java:1843) [?:?]
	at java.base/java.util.concurrent.ForkJoinPool.runWorker(ForkJoinPool.java:1808) [?:?]
	at java.base/java.util.concurrent.ForkJoinWorkerThread.run(ForkJoinWorkerThread.java:188) [?:?]
[10Aug2026 18:04:43.436] [Worker-Main-3/ERROR] [net.minecraft.client.resources.model.ModelManager/]: Failed to load model immersion_in_traffic_context:models/custom/eatcan_-_converted_-_converted.json
com.google.gson.JsonParseException: Invalid rotation -15.0 found, only -45/-22.5/0/22.5/45 allowed
	at TRANSFORMER/minecraft@1.21.1/net.minecraft.client.renderer.block.model.BlockElement$Deserializer.getAngle(BlockElement.java:115) ~[neoforge-21.1.232.jar%23189!/:?]
	at TRANSFORMER/minecraft@1.21.1/net.minecraft.client.renderer.block.model.BlockElement$Deserializer.getRotation(BlockElement.java:104) ~[neoforge-21.1.232.jar%23189!/:?]
	at TRANSFORMER/minecraft@1.21.1/net.minecraft.client.renderer.block.model.BlockElement$Deserializer.deserialize(BlockElement.java:84) ~[neoforge-21.1.232.jar%23189!/:?]
	at TRANSFORMER/minecraft@1.21.1/net.minecraft.client.renderer.block.model.BlockElement$Deserializer.deserialize(BlockElement.java:76) ~[neoforge-21.1.232.jar%23189!/:?]
	at MC-BOOTSTRAP/com.google.gson@2.10.1/com.google.gson.internal.bind.TreeTypeAdapter.read(TreeTypeAdapter.java:76) ~[gson-2.10.1.jar%23110!/:?]
	at MC-BOOTSTRAP/com.google.gson@2.10.1/com.google.gson.Gson.fromJson(Gson.java:1227) ~[gson-2.10.1.jar%23110!/:?]
	at MC-BOOTSTRAP/com.google.gson@2.10.1/com.google.gson.Gson.fromJson(Gson.java:1329) ~[gson-2.10.1.jar%23110!/:?]
	at MC-BOOTSTRAP/com.google.gson@2.10.1/com.google.gson.Gson.fromJson(Gson.java:1300) ~[gson-2.10.1.jar%23110!/:?]
	at MC-BOOTSTRAP/com.google.gson@2.10.1/com.google.gson.internal.bind.TreeTypeAdapter$GsonContextImpl.deserialize(TreeTypeAdapter.java:179) ~[gson-2.10.1.jar%23110!/:?]
	at TRANSFORMER/minecraft@1.21.1/net.minecraft.client.renderer.block.model.BlockModel$Deserializer.getElements(BlockModel.java:409) ~[neoforge-21.1.232.jar%23189!/:?]
	at TRANSFORMER/minecraft@1.21.1/net.minecraft.client.renderer.block.model.BlockModel$Deserializer.deserialize(BlockModel.java:338) ~[neoforge-21.1.232.jar%23189!/:?]
	at TRANSFORMER/neoforge@21.1.232/net.neoforged.neoforge.client.model.ExtendedBlockModelDeserializer.deserialize(ExtendedBlockModelDeserializer.java:51) ~[neoforge-21.1.232.jar%23190!/:?]
	at TRANSFORMER/neoforge@21.1.232/net.neoforged.neoforge.client.model.ExtendedBlockModelDeserializer.deserialize(ExtendedBlockModelDeserializer.java:37) ~[neoforge-21.1.232.jar%23190!/:?]
	at MC-BOOTSTRAP/com.google.gson@2.10.1/com.google.gson.internal.bind.TreeTypeAdapter.read(TreeTypeAdapter.java:76) ~[gson-2.10.1.jar%23110!/:?]
	at TRANSFORMER/minecraft@1.21.1/net.minecraft.util.GsonHelper.fromNullableJson(GsonHelper.java:432) ~[neoforge-21.1.232.jar%23189!/:?]
	at TRANSFORMER/minecraft@1.21.1/net.minecraft.util.GsonHelper.fromJson(GsonHelper.java:439) ~[neoforge-21.1.232.jar%23189!/:?]
	at TRANSFORMER/minecraft@1.21.1/net.minecraft.util.GsonHelper.fromJson(GsonHelper.java:491) ~[neoforge-21.1.232.jar%23189!/:?]
	at TRANSFORMER/minecraft@1.21.1/net.minecraft.client.renderer.block.model.BlockModel.fromStream(BlockModel.java:83) ~[neoforge-21.1.232.jar%23189!/:?]
	at TRANSFORMER/minecraft@1.21.1/net.minecraft.client.resources.model.ModelManager.lambda$loadBlockModels$8(ModelManager.java:144) ~[neoforge-21.1.232.jar%23189!/:?]
	at java.base/java.util.concurrent.CompletableFuture$AsyncSupply.run(CompletableFuture.java:1768) [?:?]
	at java.base/java.util.concurrent.CompletableFuture$AsyncSupply.exec(CompletableFuture.java:1760) [?:?]
	at java.base/java.util.concurrent.ForkJoinTask.doExec(ForkJoinTask.java:387) [?:?]
	at java.base/java.util.concurrent.ForkJoinPool$WorkQueue.topLevelExec(ForkJoinPool.java:1312) [?:?]
	at java.base/java.util.concurrent.ForkJoinPool.scan(ForkJoinPool.java:1843) [?:?]
	at java.base/java.util.concurrent.ForkJoinPool.runWorker(ForkJoinPool.java:1808) [?:?]
	at java.base/java.util.concurrent.ForkJoinWorkerThread.run(ForkJoinWorkerThread.java:188) [?:?]
[10Aug2026 18:04:43.435] [Worker-Main-12/ERROR] [net.minecraft.client.resources.model.ModelManager/]: Failed to load model immersion_in_traffic_context:models/custom/i_huise.json
com.google.gson.JsonParseException: Invalid rotation 14.0 found, only -45/-22.5/0/22.5/45 allowed
	at TRANSFORMER/minecraft@1.21.1/net.minecraft.client.renderer.block.model.BlockElement$Deserializer.getAngle(BlockElement.java:115) ~[neoforge-21.1.232.jar%23189!/:?]
	at TRANSFORMER/minecraft@1.21.1/net.minecraft.client.renderer.block.model.BlockElement$Deserializer.getRotation(BlockElement.java:104) ~[neoforge-21.1.232.jar%23189!/:?]
	at TRANSFORMER/minecraft@1.21.1/net.minecraft.client.renderer.block.model.BlockElement$Deserializer.deserialize(BlockElement.java:84) ~[neoforge-21.1.232.jar%23189!/:?]
	at TRANSFORMER/minecraft@1.21.1/net.minecraft.client.renderer.block.model.BlockElement$Deserializer.deserialize(BlockElement.java:76) ~[neoforge-21.1.232.jar%23189!/:?]
	at MC-BOOTSTRAP/com.google.gson@2.10.1/com.google.gson.internal.bind.TreeTypeAdapter.read(TreeTypeAdapter.java:76) ~[gson-2.10.1.jar%23110!/:?]
	at MC-BOOTSTRAP/com.google.gson@2.10.1/com.google.gson.Gson.fromJson(Gson.java:1227) ~[gson-2.10.1.jar%23110!/:?]
	at MC-BOOTSTRAP/com.google.gson@2.10.1/com.google.gson.Gson.fromJson(Gson.java:1329) ~[gson-2.10.1.jar%23110!/:?]
	at MC-BOOTSTRAP/com.google.gson@2.10.1/com.google.gson.Gson.fromJson(Gson.java:1300) ~[gson-2.10.1.jar%23110!/:?]
	at MC-BOOTSTRAP/com.google.gson@2.10.1/com.google.gson.internal.bind.TreeTypeAdapter$GsonContextImpl.deserialize(TreeTypeAdapter.java:179) ~[gson-2.10.1.jar%23110!/:?]
	at TRANSFORMER/minecraft@1.21.1/net.minecraft.client.renderer.block.model.BlockModel$Deserializer.getElements(BlockModel.java:409) ~[neoforge-21.1.232.jar%23189!/:?]
	at TRANSFORMER/minecraft@1.21.1/net.minecraft.client.renderer.block.model.BlockModel$Deserializer.deserialize(BlockModel.java:338) ~[neoforge-21.1.232.jar%23189!/:?]
	at TRANSFORMER/neoforge@21.1.232/net.neoforged.neoforge.client.model.ExtendedBlockModelDeserializer.deserialize(ExtendedBlockModelDeserializer.java:51) ~[neoforge-21.1.232.jar%23190!/:?]
	at TRANSFORMER/neoforge@21.1.232/net.neoforged.neoforge.client.model.ExtendedBlockModelDeserializer.deserialize(ExtendedBlockModelDeserializer.java:37) ~[neoforge-21.1.232.jar%23190!/:?]
	at MC-BOOTSTRAP/com.google.gson@2.10.1/com.google.gson.internal.bind.TreeTypeAdapter.read(TreeTypeAdapter.java:76) ~[gson-2.10.1.jar%23110!/:?]
	at TRANSFORMER/minecraft@1.21.1/net.minecraft.util.GsonHelper.fromNullableJson(GsonHelper.java:432) ~[neoforge-21.1.232.jar%23189!/:?]
	at TRANSFORMER/minecraft@1.21.1/net.minecraft.util.GsonHelper.fromJson(GsonHelper.java:439) ~[neoforge-21.1.232.jar%23189!/:?]
	at TRANSFORMER/minecraft@1.21.1/net.minecraft.util.GsonHelper.fromJson(GsonHelper.java:491) ~[neoforge-21.1.232.jar%23189!/:?]
	at TRANSFORMER/minecraft@1.21.1/net.minecraft.client.renderer.block.model.BlockModel.fromStream(BlockModel.java:83) ~[neoforge-21.1.232.jar%23189!/:?]
	at TRANSFORMER/minecraft@1.21.1/net.minecraft.client.resources.model.ModelManager.lambda$loadBlockModels$8(ModelManager.java:144) ~[neoforge-21.1.232.jar%23189!/:?]
	at java.base/java.util.concurrent.CompletableFuture$AsyncSupply.run(CompletableFuture.java:1768) [?:?]
	at java.base/java.util.concurrent.CompletableFuture$AsyncSupply.exec(CompletableFuture.java:1760) [?:?]
	at java.base/java.util.concurrent.ForkJoinTask.doExec(ForkJoinTask.java:387) [?:?]
	at java.base/java.util.concurrent.ForkJoinPool$WorkQueue.topLevelExec(ForkJoinPool.java:1312) [?:?]
	at java.base/java.util.concurrent.ForkJoinPool.scan(ForkJoinPool.java:1843) [?:?]
	at java.base/java.util.concurrent.ForkJoinPool.runWorker(ForkJoinPool.java:1808) [?:?]
	at java.base/java.util.concurrent.ForkJoinWorkerThread.run(ForkJoinWorkerThread.java:188) [?:?]
[10Aug2026 18:04:43.436] [Worker-Main-10/ERROR] [net.minecraft.client.resources.model.ModelManager/]: Failed to load model immersion_in_traffic_context:models/custom/eatcanto_-_converted_-_converted.json
com.google.gson.JsonSyntaxException: Missing axis, expected to find a string
	at TRANSFORMER/minecraft@1.21.1/net.minecraft.util.GsonHelper.getAsString(GsonHelper.java:98) ~[neoforge-21.1.232.jar%23189!/:?]
	at TRANSFORMER/minecraft@1.21.1/net.minecraft.client.renderer.block.model.BlockElement$Deserializer.getAxis(BlockElement.java:122) ~[neoforge-21.1.232.jar%23189!/:?]
	at TRANSFORMER/minecraft@1.21.1/net.minecraft.client.renderer.block.model.BlockElement$Deserializer.getRotation(BlockElement.java:103) ~[neoforge-21.1.232.jar%23189!/:?]
	at TRANSFORMER/minecraft@1.21.1/net.minecraft.client.renderer.block.model.BlockElement$Deserializer.deserialize(BlockElement.java:84) ~[neoforge-21.1.232.jar%23189!/:?]
	at TRANSFORMER/minecraft@1.21.1/net.minecraft.client.renderer.block.model.BlockElement$Deserializer.deserialize(BlockElement.java:76) ~[neoforge-21.1.232.jar%23189!/:?]
	at MC-BOOTSTRAP/com.google.gson@2.10.1/com.google.gson.internal.bind.TreeTypeAdapter.read(TreeTypeAdapter.java:76) ~[gson-2.10.1.jar%23110!/:?]
	at MC-BOOTSTRAP/com.google.gson@2.10.1/com.google.gson.Gson.fromJson(Gson.java:1227) ~[gson-2.10.1.jar%23110!/:?]
	at MC-BOOTSTRAP/com.google.gson@2.10.1/com.google.gson.Gson.fromJson(Gson.java:1329) ~[gson-2.10.1.jar%23110!/:?]
	at MC-BOOTSTRAP/com.google.gson@2.10.1/com.google.gson.Gson.fromJson(Gson.java:1300) ~[gson-2.10.1.jar%23110!/:?]
	at MC-BOOTSTRAP/com.google.gson@2.10.1/com.google.gson.internal.bind.TreeTypeAdapter$GsonContextImpl.deserialize(TreeTypeAdapter.java:179) ~[gson-2.10.1.jar%23110!/:?]
	at TRANSFORMER/minecraft@1.21.1/net.minecraft.client.renderer.block.model.BlockModel$Deserializer.getElements(BlockModel.java:409) ~[neoforge-21.1.232.jar%23189!/:?]
	at TRANSFORMER/minecraft@1.21.1/net.minecraft.client.renderer.block.model.BlockModel$Deserializer.deserialize(BlockModel.java:338) ~[neoforge-21.1.232.jar%23189!/:?]
	at TRANSFORMER/neoforge@21.1.232/net.neoforged.neoforge.client.model.ExtendedBlockModelDeserializer.deserialize(ExtendedBlockModelDeserializer.java:51) ~[neoforge-21.1.232.jar%23190!/:?]
	at TRANSFORMER/neoforge@21.1.232/net.neoforged.neoforge.client.model.ExtendedBlockModelDeserializer.deserialize(ExtendedBlockModelDeserializer.java:37) ~[neoforge-21.1.232.jar%23190!/:?]
	at MC-BOOTSTRAP/com.google.gson@2.10.1/com.google.gson.internal.bind.TreeTypeAdapter.read(TreeTypeAdapter.java:76) ~[gson-2.10.1.jar%23110!/:?]
	at TRANSFORMER/minecraft@1.21.1/net.minecraft.util.GsonHelper.fromNullableJson(GsonHelper.java:432) ~[neoforge-21.1.232.jar%23189!/:?]
	at TRANSFORMER/minecraft@1.21.1/net.minecraft.util.GsonHelper.fromJson(GsonHelper.java:439) ~[neoforge-21.1.232.jar%23189!/:?]
	at TRANSFORMER/minecraft@1.21.1/net.minecraft.util.GsonHelper.fromJson(GsonHelper.java:491) ~[neoforge-21.1.232.jar%23189!/:?]
	at TRANSFORMER/minecraft@1.21.1/net.minecraft.client.renderer.block.model.BlockModel.fromStream(BlockModel.java:83) ~[neoforge-21.1.232.jar%23189!/:?]
	at TRANSFORMER/minecraft@1.21.1/net.minecraft.client.resources.model.ModelManager.lambda$loadBlockModels$8(ModelManager.java:144) ~[neoforge-21.1.232.jar%23189!/:?]
	at java.base/java.util.concurrent.CompletableFuture$AsyncSupply.run(CompletableFuture.java:1768) [?:?]
	at java.base/java.util.concurrent.CompletableFuture$AsyncSupply.exec(CompletableFuture.java:1760) [?:?]
	at java.base/java.util.concurrent.ForkJoinTask.doExec(ForkJoinTask.java:387) [?:?]
	at java.base/java.util.concurrent.ForkJoinPool$WorkQueue.topLevelExec(ForkJoinPool.java:1312) [?:?]
	at java.base/java.util.concurrent.ForkJoinPool.scan(ForkJoinPool.java:1843) [?:?]
	at java.base/java.util.concurrent.ForkJoinPool.runWorker(ForkJoinPool.java:1808) [?:?]
	at java.base/java.util.concurrent.ForkJoinWorkerThread.run(ForkJoinWorkerThread.java:188) [?:?]
[10Aug2026 18:04:43.575] [Worker-Main-2/ERROR] [net.minecraft.client.renderer.texture.atlas.SpriteResourceLoader/]: Using missing texture, unable to load immersion_in_traffic_context:block/oip-c.webp
java.io.IOException: Bad PNG Signature
	at TRANSFORMER/minecraft@1.21.1/net.minecraft.util.PngInfo.validateHeader(PngInfo.java:38) ~[neoforge-21.1.232.jar%23189!/:?]
	at TRANSFORMER/minecraft@1.21.1/com.mojang.blaze3d.platform.NativeImage.read(NativeImage.java:142) ~[neoforge-21.1.232.jar%23189!/:?]
	at TRANSFORMER/minecraft@1.21.1/com.mojang.blaze3d.platform.NativeImage.read(NativeImage.java:111) ~[neoforge-21.1.232.jar%23189!/:?]
	at TRANSFORMER/minecraft@1.21.1/com.mojang.blaze3d.platform.NativeImage.read(NativeImage.java:101) ~[neoforge-21.1.232.jar%23189!/:?]
	at TRANSFORMER/minecraft@1.21.1/net.minecraft.client.renderer.texture.atlas.SpriteResourceLoader.lambda$create$0(SpriteResourceLoader.java:38) ~[neoforge-21.1.232.jar%23189!/:?]
	at TRANSFORMER/minecraft@1.21.1/net.minecraft.client.renderer.texture.atlas.SpriteResourceLoader.loadSprite(SpriteResourceLoader.java:66) ~[neoforge-21.1.232.jar%23189!/:?]
	at TRANSFORMER/minecraft@1.21.1/net.minecraft.client.renderer.texture.atlas.SpriteSource$Output.lambda$add$0(SpriteSource.java:24) ~[neoforge-21.1.232.jar%23189!/:?]
	at TRANSFORMER/minecraft@1.21.1/net.minecraft.client.renderer.texture.SpriteLoader.lambda$runSpriteSuppliers$3(SpriteLoader.java:118) ~[neoforge-21.1.232.jar%23189!/:?]
	at java.base/java.util.concurrent.CompletableFuture$AsyncSupply.run(CompletableFuture.java:1768) [?:?]
	at java.base/java.util.concurrent.CompletableFuture$AsyncSupply.exec(CompletableFuture.java:1760) [?:?]
	at java.base/java.util.concurrent.ForkJoinTask.doExec(ForkJoinTask.java:387) [?:?]
	at java.base/java.util.concurrent.ForkJoinPool$WorkQueue.topLevelExec(ForkJoinPool.java:1312) [?:?]
	at java.base/java.util.concurrent.ForkJoinPool.scan(ForkJoinPool.java:1843) [?:?]
	at java.base/java.util.concurrent.ForkJoinPool.runWorker(ForkJoinPool.java:1808) [?:?]
	at java.base/java.util.concurrent.ForkJoinWorkerThread.run(ForkJoinWorkerThread.java:188) [?:?]
[10Aug2026 18:04:43.841] [Worker-Main-2/WARN] [net.minecraft.client.renderer.texture.SpriteLoader/]: Texture immersion_in_traffic_context:item/gfuyfyiu with size 14x14 limits mip level from 2 to 1
[10Aug2026 18:04:43.843] [Worker-Main-2/WARN] [net.minecraft.client.renderer.texture.SpriteLoader/]: Texture immersion_in_traffic_context:block/x2 with size 21x21 limits mip level from 1 to 0
[10Aug2026 18:04:46.961] [Render thread/WARN] [net.minecraft.client.sounds.SoundEngine/]: Missing sound for event: minecraft:item.goat_horn.play
[10Aug2026 18:04:46.962] [Render thread/WARN] [net.minecraft.client.sounds.SoundEngine/]: Missing sound for event: minecraft:entity.goat.screaming.horn_break
[10Aug2026 18:04:47.166] [Render thread/INFO] [com.mojang.blaze3d.audio.Library/]: OpenAL initialized on device OpenAL Soft on 扬声器 (High Definition Audio Device)
[10Aug2026 18:04:47.169] [Render thread/INFO] [net.minecraft.client.sounds.SoundEngine/SOUNDS]: Sound engine started
[10Aug2026 18:04:47.383] [Render thread/INFO] [net.minecraft.client.renderer.texture.TextureAtlas/]: Created: 1024x2048x2 minecraft:textures/atlas/blocks.png-atlas
[10Aug2026 18:04:47.407] [Render thread/INFO] [net.minecraft.client.renderer.texture.TextureAtlas/]: Created: 256x256x2 minecraft:textures/atlas/signs.png-atlas
[10Aug2026 18:04:47.408] [Render thread/INFO] [net.minecraft.client.renderer.texture.TextureAtlas/]: Created: 512x512x2 minecraft:textures/atlas/shield_patterns.png-atlas
[10Aug2026 18:04:47.409] [Render thread/INFO] [net.minecraft.client.renderer.texture.TextureAtlas/]: Created: 512x512x2 minecraft:textures/atlas/banner_patterns.png-atlas
[10Aug2026 18:04:47.411] [Render thread/INFO] [net.minecraft.client.renderer.texture.TextureAtlas/]: Created: 1024x1024x2 minecraft:textures/atlas/armor_trims.png-atlas
[10Aug2026 18:04:47.416] [Render thread/INFO] [net.minecraft.client.renderer.texture.TextureAtlas/]: Created: 128x64x2 minecraft:textures/atlas/decorated_pot.png-atlas
[10Aug2026 18:04:47.417] [Render thread/INFO] [net.minecraft.client.renderer.texture.TextureAtlas/]: Created: 256x256x2 minecraft:textures/atlas/chest.png-atlas
[10Aug2026 18:04:47.417] [Render thread/INFO] [net.minecraft.client.renderer.texture.TextureAtlas/]: Created: 512x256x2 minecraft:textures/atlas/shulker_boxes.png-atlas
[10Aug2026 18:04:47.418] [Render thread/INFO] [net.minecraft.client.renderer.texture.TextureAtlas/]: Created: 512x256x2 minecraft:textures/atlas/beds.png-atlas
[10Aug2026 18:04:47.815] [Render thread/INFO] [net.minecraft.client.renderer.texture.TextureAtlas/]: Created: 512x256x0 minecraft:textures/atlas/particles.png-atlas
[10Aug2026 18:04:47.818] [Render thread/INFO] [net.minecraft.client.renderer.texture.TextureAtlas/]: Created: 512x256x0 minecraft:textures/atlas/paintings.png-atlas
[10Aug2026 18:04:47.819] [Render thread/INFO] [net.minecraft.client.renderer.texture.TextureAtlas/]: Created: 256x128x0 minecraft:textures/atlas/mob_effects.png-atlas
[10Aug2026 18:04:47.819] [Render thread/INFO] [net.minecraft.client.renderer.texture.TextureAtlas/]: Created: 64x64x0 minecraft:textures/atlas/map_decorations.png-atlas
[10Aug2026 18:04:47.819] [Render thread/INFO] [net.minecraft.client.renderer.texture.TextureAtlas/]: Created: 1024x512x0 minecraft:textures/atlas/gui.png-atlas
[10Aug2026 18:04:47.855] [Render thread/WARN] [net.minecraft.client.renderer.ShaderInstance/]: Shader rendertype_entity_translucent_emissive could not find sampler named Sampler2 in the specified shader program.
[10Aug2026 18:04:47.942] [Render thread/INFO] [net.neoforged.neoforge.client.entity.animation.json.AnimationLoader/]: Loaded 0 entity animations
[10Aug2026 18:04:47.942] [Render thread/INFO] [net.minecraft.client.renderer.texture.TextureAtlas/]: Created: 256x256x0 jei:textures/atlas/gui.png-atlas
[10Aug2026 18:04:57.171] [Render thread/ERROR] [net.minecraft.world.item.crafting.RecipeManager/]: Parsing error loading recipe immersion_in_traffic_context:v_1
com.google.gson.JsonParseException: Unknown registry key in ResourceKey[minecraft:root / minecraft:item]: immersion_in_traffic_context:deleted_mod_element
	at MC-BOOTSTRAP/datafixerupper@8.0.16/com.mojang.serialization.DataResult$Error.getOrThrow(DataResult.java:287) ~[datafixerupper-8.0.16.jar%23121!/:?]
	at TRANSFORMER/minecraft@1.21.1/net.minecraft.world.item.crafting.RecipeManager.apply(RecipeManager.java:60) ~[neoforge-21.1.232.jar%23189!/:?]
	at TRANSFORMER/minecraft@1.21.1/net.minecraft.world.item.crafting.RecipeManager.apply(RecipeManager.java:36) ~[neoforge-21.1.232.jar%23189!/:?]
	at TRANSFORMER/minecraft@1.21.1/net.minecraft.server.packs.resources.SimplePreparableReloadListener.lambda$reload$1(SimplePreparableReloadListener.java:19) ~[neoforge-21.1.232.jar%23189!/:?]
	at java.base/java.util.concurrent.CompletableFuture$UniAccept.tryFire(CompletableFuture.java:718) ~[?:?]
	at java.base/java.util.concurrent.CompletableFuture$Completion.run(CompletableFuture.java:482) ~[?:?]
	at TRANSFORMER/minecraft@1.21.1/net.minecraft.server.packs.resources.SimpleReloadInstance.lambda$new$3(SimpleReloadInstance.java:86) ~[neoforge-21.1.232.jar%23189!/:?]
	at TRANSFORMER/minecraft@1.21.1/net.minecraft.util.thread.BlockableEventLoop.doRunTask(BlockableEventLoop.java:148) ~[neoforge-21.1.232.jar%23189!/:?]
	at TRANSFORMER/minecraft@1.21.1/net.minecraft.util.thread.ReentrantBlockableEventLoop.doRunTask(ReentrantBlockableEventLoop.java:24) ~[neoforge-21.1.232.jar%23189!/:?]
	at TRANSFORMER/minecraft@1.21.1/net.minecraft.util.thread.BlockableEventLoop.pollTask(BlockableEventLoop.java:122) ~[neoforge-21.1.232.jar%23189!/:?]
	at TRANSFORMER/minecraft@1.21.1/net.minecraft.util.thread.BlockableEventLoop.managedBlock(BlockableEventLoop.java:132) ~[neoforge-21.1.232.jar%23189!/:?]
	at TRANSFORMER/minecraft@1.21.1/net.minecraft.client.gui.screens.worldselection.WorldOpenFlows.loadWorldDataBlocking(WorldOpenFlows.java:201) ~[neoforge-21.1.232.jar%23189!/:?]
	at TRANSFORMER/minecraft@1.21.1/net.minecraft.client.gui.screens.worldselection.WorldOpenFlows.loadWorldStem(WorldOpenFlows.java:142) ~[neoforge-21.1.232.jar%23189!/:?]
	at TRANSFORMER/minecraft@1.21.1/net.minecraft.client.gui.screens.worldselection.WorldOpenFlows.openWorldLoadLevelStem(WorldOpenFlows.java:346) ~[neoforge-21.1.232.jar%23189!/:?]
	at TRANSFORMER/minecraft@1.21.1/net.minecraft.client.gui.screens.worldselection.WorldOpenFlows.openWorldCheckVersionCompatibility(WorldOpenFlows.java:335) ~[neoforge-21.1.232.jar%23189!/:?]
	at TRANSFORMER/minecraft@1.21.1/net.minecraft.client.gui.screens.worldselection.WorldOpenFlows.openWorldLoadLevelData(WorldOpenFlows.java:297) ~[neoforge-21.1.232.jar%23189!/:?]
	at TRANSFORMER/minecraft@1.21.1/net.minecraft.client.gui.screens.worldselection.WorldOpenFlows.openWorld(WorldOpenFlows.java:261) ~[neoforge-21.1.232.jar%23189!/:?]
	at TRANSFORMER/minecraft@1.21.1/net.minecraft.client.gui.screens.worldselection.WorldSelectionList$WorldListEntry.joinWorld(WorldSelectionList.java:498) ~[neoforge-21.1.232.jar%23189!/:?]
	at TRANSFORMER/minecraft@1.21.1/net.minecraft.client.gui.screens.worldselection.WorldSelectionList$WorldListEntry.mouseClicked(WorldSelectionList.java:481) ~[neoforge-21.1.232.jar%23189!/:?]
	at TRANSFORMER/minecraft@1.21.1/net.minecraft.client.gui.components.AbstractSelectionList.mouseClicked(AbstractSelectionList.java:303) ~[neoforge-21.1.232.jar%23189!/:?]
	at TRANSFORMER/minecraft@1.21.1/net.minecraft.client.gui.components.events.ContainerEventHandler.mouseClicked(ContainerEventHandler.java:40) ~[neoforge-21.1.232.jar%23189!/:?]
	at TRANSFORMER/minecraft@1.21.1/net.minecraft.client.MouseHandler.lambda$onPress$0(MouseHandler.java:98) ~[neoforge-21.1.232.jar%23189!/:?]
	at TRANSFORMER/minecraft@1.21.1/net.minecraft.client.gui.screens.Screen.wrapScreenError(Screen.java:451) ~[neoforge-21.1.232.jar%23189!/:?]
	at TRANSFORMER/minecraft@1.21.1/net.minecraft.client.MouseHandler.onPress(MouseHandler.java:95) ~[neoforge-21.1.232.jar%23189!/:?]
	at TRANSFORMER/minecraft@1.21.1/net.minecraft.client.MouseHandler.lambda$setup$4(MouseHandler.java:202) ~[neoforge-21.1.232.jar%23189!/:?]
	at TRANSFORMER/minecraft@1.21.1/net.minecraft.util.thread.BlockableEventLoop.execute(BlockableEventLoop.java:98) ~[neoforge-21.1.232.jar%23189!/:?]
	at TRANSFORMER/minecraft@1.21.1/net.minecraft.client.MouseHandler.lambda$setup$5(MouseHandler.java:202) ~[neoforge-21.1.232.jar%23189!/:?]
	at MC-BOOTSTRAP/org.lwjgl.glfw@3.3.3+5/org.lwjgl.glfw.GLFWMouseButtonCallbackI.callback(GLFWMouseButtonCallbackI.java:43) ~[lwjgl-glfw-3.3.3.jar%23172!/:build 5]
	at MC-BOOTSTRAP/org.lwjgl@3.3.3+5/org.lwjgl.system.JNI.invokeV(Native Method) ~[lwjgl-3.3.3.jar%23183!/:build 5]
	at MC-BOOTSTRAP/org.lwjgl.glfw@3.3.3+5/org.lwjgl.glfw.GLFW.glfwWaitEventsTimeout(GLFW.java:3509) ~[lwjgl-glfw-3.3.3.jar%23172!/:build 5]
	at TRANSFORMER/minecraft@1.21.1/com.mojang.blaze3d.systems.RenderSystem.limitDisplayFPS(RenderSystem.java:162) ~[neoforge-21.1.232.jar%23189!/:?]
	at TRANSFORMER/minecraft@1.21.1/net.minecraft.client.Minecraft.runTick(Minecraft.java:1220) ~[neoforge-21.1.232.jar%23189!/:?]
	at TRANSFORMER/minecraft@1.21.1/net.minecraft.client.Minecraft.run(Minecraft.java:807) ~[neoforge-21.1.232.jar%23189!/:?]
	at TRANSFORMER/minecraft@1.21.1/net.minecraft.client.main.Main.main(Main.java:230) ~[neoforge-21.1.232.jar%23189!/:?]
	at java.base/jdk.internal.reflect.DirectMethodHandleAccessor.invoke(DirectMethodHandleAccessor.java:103) ~[?:?]
	at java.base/java.lang.reflect.Method.invoke(Method.java:580) ~[?:?]
	at MC-BOOTSTRAP/fml_loader@4.0.42/net.neoforged.fml.loading.targets.CommonLaunchHandler.runTarget(CommonLaunchHandler.java:136) ~[loader-4.0.42.jar%23146!/:4.0]
	at MC-BOOTSTRAP/fml_loader@4.0.42/net.neoforged.fml.loading.targets.CommonLaunchHandler.clientService(CommonLaunchHandler.java:124) ~[loader-4.0.42.jar%23146!/:4.0]
	at MC-BOOTSTRAP/fml_loader@4.0.42/net.neoforged.fml.loading.targets.NeoForgeClientDevLaunchHandler.runService(NeoForgeClientDevLaunchHandler.java:23) ~[loader-4.0.42.jar%23146!/:4.0]
	at MC-BOOTSTRAP/fml_loader@4.0.42/net.neoforged.fml.loading.targets.CommonLaunchHandler.lambda$launchService$4(CommonLaunchHandler.java:118) ~[loader-4.0.42.jar%23146!/:4.0]
	at MC-BOOTSTRAP/cpw.mods.modlauncher@11.0.5/cpw.mods.modlauncher.LaunchServiceHandlerDecorator.launch(LaunchServiceHandlerDecorator.java:30) [modlauncher-11.0.5.jar%23128!/:?]
	at MC-BOOTSTRAP/cpw.mods.modlauncher@11.0.5/cpw.mods.modlauncher.LaunchServiceHandler.launch(LaunchServiceHandler.java:53) [modlauncher-11.0.5.jar%23128!/:?]
	at MC-BOOTSTRAP/cpw.mods.modlauncher@11.0.5/cpw.mods.modlauncher.LaunchServiceHandler.launch(LaunchServiceHandler.java:71) [modlauncher-11.0.5.jar%23128!/:?]
	at MC-BOOTSTRAP/cpw.mods.modlauncher@11.0.5/cpw.mods.modlauncher.Launcher.run(Launcher.java:103) [modlauncher-11.0.5.jar%23128!/:?]
	at MC-BOOTSTRAP/cpw.mods.modlauncher@11.0.5/cpw.mods.modlauncher.Launcher.main(Launcher.java:74) [modlauncher-11.0.5.jar%23128!/:?]
	at MC-BOOTSTRAP/cpw.mods.modlauncher@11.0.5/cpw.mods.modlauncher.BootstrapLaunchConsumer.accept(BootstrapLaunchConsumer.java:26) [modlauncher-11.0.5.jar%23128!/:?]
	at MC-BOOTSTRAP/cpw.mods.modlauncher@11.0.5/cpw.mods.modlauncher.BootstrapLaunchConsumer.accept(BootstrapLaunchConsumer.java:23) [modlauncher-11.0.5.jar%23128!/:?]
	at cpw.mods.bootstraplauncher@2.0.2/cpw.mods.bootstraplauncher.BootstrapLauncher.run(BootstrapLauncher.java:210) [bootstraplauncher-2.0.2.jar:?]
	at cpw.mods.bootstraplauncher@2.0.2/cpw.mods.bootstraplauncher.BootstrapLauncher.main(BootstrapLauncher.java:69) [bootstraplauncher-2.0.2.jar:?]
	at java.base/jdk.internal.reflect.DirectMethodHandleAccessor.invoke(DirectMethodHandleAccessor.java:103) ~[?:?]
	at java.base/java.lang.reflect.Method.invoke(Method.java:580) ~[?:?]
	at net.neoforged.devlaunch.Main.main(Main.java:57) [DevLaunch-1.0.2.jar:?]
[10Aug2026 18:04:57.206] [Render thread/INFO] [net.minecraft.world.item.crafting.RecipeManager/]: Loaded 1338 recipes
[10Aug2026 18:04:57.534] [Render thread/INFO] [net.minecraft.advancements.AdvancementTree/]: Loaded 1446 advancements
[10Aug2026 18:04:58.316] [Render thread/INFO] [mezz.jei.neoforge.startup.StartEventObserver/]: JEI StartEventObserver received class net.neoforged.neoforge.event.TagsUpdatedEvent too early, ignoring
[10Aug2026 18:04:58.367] [Render thread/DEBUG] [net.neoforged.neoforge.common.CommonHooks/WP]: Gathered mod list to write to world save 新的世界
[10Aug2026 18:04:58.816] [Server thread/INFO] [net.minecraft.client.server.IntegratedServer/]: Starting integrated minecraft server version 1.21.1
[10Aug2026 18:04:58.816] [Server thread/INFO] [net.minecraft.server.MinecraftServer/]: Generating keypair
[10Aug2026 18:04:58.900] [Server thread/DEBUG] [net.neoforged.fml.config.ConfigTracker/CONFIG]: Loading configs type SERVER
[10Aug2026 18:04:58.902] [Server thread/DEBUG] [net.neoforged.fml.config.ConfigTracker/CONFIG]: Loaded TOML config file C:\Users\29406\MCreatorWorkspaces\immersion_in_traffic_context\run\config\jei-server.toml
[10Aug2026 18:04:58.903] [Server thread/DEBUG] [net.neoforged.fml.config.ConfigTracker/CONFIG]: Watching TOML config file C:\Users\29406\MCreatorWorkspaces\immersion_in_traffic_context\run\config\jei-server.toml for changes
[10Aug2026 18:04:58.904] [Server thread/DEBUG] [net.neoforged.neoforge.common.NeoForgeConfig/FORGEMOD]: Loaded NeoForge config file neoforge-server.toml
[10Aug2026 18:04:58.904] [Server thread/DEBUG] [net.neoforged.fml.config.ConfigTracker/CONFIG]: Loaded TOML config file C:\Users\29406\MCreatorWorkspaces\immersion_in_traffic_context\run\config\neoforge-server.toml
[10Aug2026 18:04:58.906] [Server thread/DEBUG] [net.neoforged.fml.config.ConfigTracker/CONFIG]: Watching TOML config file C:\Users\29406\MCreatorWorkspaces\immersion_in_traffic_context\run\config\neoforge-server.toml for changes
[10Aug2026 18:05:00.317] [Server thread/INFO] [net.minecraft.server.MinecraftServer/]: Preparing start region for dimension minecraft:overworld
[10Aug2026 18:05:00.831] [progressListener/INFO] [net.minecraft.server.level.progress.LoggerChunkProgressListener/]: 准备生成区域中：0%
[10Aug2026 18:05:00.832] [progressListener/INFO] [net.minecraft.server.level.progress.LoggerChunkProgressListener/]: 准备生成区域中：0%
[10Aug2026 18:05:01.105] [progressListener/INFO] [net.minecraft.server.level.progress.LoggerChunkProgressListener/]: Time elapsed: 772 ms
[10Aug2026 18:05:01.105] [Server thread/INFO] [net.neoforged.neoforge.server.permission.PermissionAPI/]: Successfully initialized permission handler neoforge:default_handler
[10Aug2026 18:05:01.225] [Server thread/INFO] [net.minecraft.client.server.IntegratedServer/]: Changing view distance to 5, from 10
[10Aug2026 18:05:01.225] [Server thread/INFO] [net.minecraft.client.server.IntegratedServer/]: Changing simulation distance to 12, from 0
[10Aug2026 18:05:01.258] [Render thread/DEBUG] [io.netty.channel.MultithreadEventLoopGroup/]: -Dio.netty.eventLoopThreads: 32
[10Aug2026 18:05:01.281] [Render thread/DEBUG] [io.netty.util.concurrent.GlobalEventExecutor/]: -Dio.netty.globalEventExecutor.quietPeriodSeconds: 1
[10Aug2026 18:05:01.315] [Render thread/DEBUG] [io.netty.channel.nio.NioEventLoop/]: -Dio.netty.noKeySetOptimization: false
[10Aug2026 18:05:01.315] [Render thread/DEBUG] [io.netty.channel.nio.NioEventLoop/]: -Dio.netty.selectorAutoRebuildThreshold: 512
[10Aug2026 18:05:01.332] [Render thread/DEBUG] [io.netty.util.internal.PlatformDependent/]: org.jctools-core.MpscChunkedArrayQueue: available
[10Aug2026 18:05:01.507] [Render thread/DEBUG] [io.netty.channel.DefaultChannelId/]: -Dio.netty.processId: 24180 (auto-detected)
[10Aug2026 18:05:01.516] [Render thread/DEBUG] [io.netty.util.NetUtil/]: -Djava.net.preferIPv4Stack: false
[10Aug2026 18:05:01.516] [Render thread/DEBUG] [io.netty.util.NetUtil/]: -Djava.net.preferIPv6Addresses: system
[10Aug2026 18:05:01.523] [Render thread/DEBUG] [io.netty.util.NetUtilInitializations/]: Loopback interface: loopback_0 (Software Loopback Interface 1, 0:0:0:0:0:0:0:1)
[10Aug2026 18:05:01.532] [Render thread/DEBUG] [io.netty.util.NetUtil/]: Failed to get SOMAXCONN from sysctl and file \proc\sys\net\core\somaxconn. Default: 200
[10Aug2026 18:05:01.534] [Render thread/DEBUG] [io.netty.channel.DefaultChannelId/]: -Dio.netty.machineId: 00:00:00:00:00:00:00:e0 (auto-detected)
[10Aug2026 18:05:01.787] [Render thread/DEBUG] [io.netty.util.Recycler/]: -Dio.netty.recycler.maxCapacityPerThread: 4096
[10Aug2026 18:05:01.787] [Render thread/DEBUG] [io.netty.util.Recycler/]: -Dio.netty.recycler.ratio: 8
[10Aug2026 18:05:01.787] [Render thread/DEBUG] [io.netty.util.Recycler/]: -Dio.netty.recycler.chunkSize: 32
[10Aug2026 18:05:01.787] [Render thread/DEBUG] [io.netty.util.Recycler/]: -Dio.netty.recycler.blocking: false
[10Aug2026 18:05:01.787] [Render thread/DEBUG] [io.netty.util.Recycler/]: -Dio.netty.recycler.batchFastThreadLocalOnly: true
[10Aug2026 18:05:02.015] [Netty Server IO #1/DEBUG] [net.neoforged.neoforge.network.filters.NetworkFilters/]: Injected net.neoforged.neoforge.network.filters.GenericPacketSplitter@62995cba into net.minecraft.network.Connection@25d5e7de
[10Aug2026 18:05:02.029] [Netty Local Client IO #0/DEBUG] [net.neoforged.neoforge.network.filters.NetworkFilters/]: Injected net.neoforged.neoforge.network.filters.GenericPacketSplitter@6df1d086 into net.minecraft.network.Connection@51579fab
[10Aug2026 18:05:02.341] [Render thread/INFO] [mezz.jei.neoforge.startup.StartEventObserver/]: JEI StartEventObserver received class net.neoforged.neoforge.event.TagsUpdatedEvent
[10Aug2026 18:05:02.569] [Netty Server IO #1/DEBUG] [net.neoforged.neoforge.network.filters.NetworkFilters/]: Injected net.neoforged.neoforge.network.filters.GenericPacketSplitter@30196fb into net.minecraft.network.Connection@25d5e7de
[10Aug2026 18:05:02.679] [Server thread/INFO] [net.minecraft.server.players.PlayerList/]: Dev[local:E:b774297a] logged in with entity id 76 at (-2.0804188468786333, 69.17803599672405, 19.237147622295428)
[10Aug2026 18:05:02.789] [Server thread/INFO] [net.minecraft.server.MinecraftServer/]: Dev加入了游戏
[10Aug2026 18:05:03.099] [Render thread/WARN] [net.minecraft.client.ClientRecipeBook/]: Unknown recipe category: immersion_in_traffic_context:jei_1/immersion_in_traffic_context:jei_11
[10Aug2026 18:05:03.122] [Render thread/INFO] [mezz.jei.neoforge.startup.StartEventObserver/]: JEI StartEventObserver received class net.neoforged.neoforge.client.event.RecipesUpdatedEvent
[10Aug2026 18:05:03.122] [Render thread/INFO] [mezz.jei.neoforge.startup.StartEventObserver/]: JEI StartEventObserver transitioning state from LISTENING to JEI_STARTED
[10Aug2026 18:05:03.126] [Render thread/INFO] [mezz.jei.core.util.LoggedTimer/]: Starting JEI...
[10Aug2026 18:05:03.153] [Render thread/INFO] [mezz.jei.library.load.PluginCaller/]: Registering item subtypes...
[10Aug2026 18:05:03.154] [Render thread/DEBUG] [mezz.jei.library.load.PluginCallerTimerRunnable/]: Registering item subtypes: jei:minecraft...
[10Aug2026 18:05:03.180] [Render thread/INFO] [mezz.jei.library.load.PluginCallerTimerRunnable/]: Registering item subtypes: jei:minecraft took 24.85 milliseconds
[10Aug2026 18:05:03.181] [Render thread/DEBUG] [mezz.jei.library.load.PluginCallerTimerRunnable/]: Registering item subtypes: immersion_in_traffic_context:brewing_recipes...
[10Aug2026 18:05:03.181] [Render thread/DEBUG] [mezz.jei.library.load.PluginCallerTimerRunnable/]: Registering item subtypes: immersion_in_traffic_context:jei_plugin...
[10Aug2026 18:05:03.181] [Render thread/DEBUG] [mezz.jei.library.load.PluginCallerTimerRunnable/]: Registering item subtypes: jei:neoforge_gui...
[10Aug2026 18:05:03.181] [Render thread/DEBUG] [mezz.jei.library.load.PluginCallerTimerRunnable/]: Registering item subtypes: jei:debug...
[10Aug2026 18:05:03.181] [Render thread/DEBUG] [mezz.jei.library.load.PluginCallerTimerRunnable/]: Registering item subtypes: jei:gui...
[10Aug2026 18:05:03.181] [Render thread/DEBUG] [mezz.jei.library.load.PluginCallerTimerRunnable/]: Registering item subtypes: jei:internal...
[10Aug2026 18:05:03.181] [Render thread/INFO] [mezz.jei.library.load.PluginCaller/]: Registering item subtypes took 28.39 ms
[10Aug2026 18:05:03.184] [Render thread/INFO] [mezz.jei.library.load.PluginCaller/]: Registering fluid subtypes...
[10Aug2026 18:05:03.185] [Render thread/DEBUG] [mezz.jei.library.load.PluginCallerTimerRunnable/]: Registering fluid subtypes: jei:minecraft...
[10Aug2026 18:05:03.185] [Render thread/DEBUG] [mezz.jei.library.load.PluginCallerTimerRunnable/]: Registering fluid subtypes: immersion_in_traffic_context:brewing_recipes...
[10Aug2026 18:05:03.185] [Render thread/DEBUG] [mezz.jei.library.load.PluginCallerTimerRunnable/]: Registering fluid subtypes: immersion_in_traffic_context:jei_plugin...
[10Aug2026 18:05:03.185] [Render thread/DEBUG] [mezz.jei.library.load.PluginCallerTimerRunnable/]: Registering fluid subtypes: jei:neoforge_gui...
[10Aug2026 18:05:03.185] [Render thread/DEBUG] [mezz.jei.library.load.PluginCallerTimerRunnable/]: Registering fluid subtypes: jei:debug...
[10Aug2026 18:05:03.189] [Render thread/DEBUG] [mezz.jei.library.load.PluginCallerTimerRunnable/]: Registering fluid subtypes: jei:gui...
[10Aug2026 18:05:03.190] [Render thread/DEBUG] [mezz.jei.library.load.PluginCallerTimerRunnable/]: Registering fluid subtypes: jei:internal...
[10Aug2026 18:05:03.190] [Render thread/INFO] [mezz.jei.library.load.PluginCaller/]: Registering fluid subtypes took 5.632 ms
[10Aug2026 18:05:03.197] [Render thread/INFO] [mezz.jei.library.load.PluginCaller/]: Registering ingredients...
[10Aug2026 18:05:03.198] [Render thread/DEBUG] [mezz.jei.library.load.PluginCallerTimerRunnable/]: Registering ingredients: jei:minecraft...
[10Aug2026 18:05:03.256] [Render thread/DEBUG] [mezz.jei.library.plugins.vanilla.ingredients.ItemStackListFactory/]: Added  402/ 402 new items from '建筑方块' creative tab's displayItems
[10Aug2026 18:05:03.264] [Render thread/DEBUG] [mezz.jei.library.plugins.vanilla.ingredients.ItemStackListFactory/]: Added  198/ 198 new items from '染色方块' creative tab's displayItems
[10Aug2026 18:05:03.269] [Render thread/DEBUG] [mezz.jei.library.plugins.vanilla.ingredients.ItemStackListFactory/]: Added  201/ 226 new items from '自然方块' creative tab's displayItems
[10Aug2026 18:05:03.309] [Render thread/DEBUG] [mezz.jei.library.plugins.vanilla.ingredients.ItemStackListFactory/]: Added  138/ 225 new items from '功能方块' creative tab's displayItems
[10Aug2026 18:05:03.311] [Render thread/DEBUG] [mezz.jei.library.plugins.vanilla.ingredients.ItemStackListFactory/]: Added   29/  68 new items from '红石方块' creative tab's displayItems
[10Aug2026 18:05:03.311] [Render thread/DEBUG] [mezz.jei.library.plugins.vanilla.ingredients.ItemStackListFactory/]: Skipping creative tab: '已保存的快捷栏' because it is type: HOTBAR
[10Aug2026 18:05:03.311] [Render thread/DEBUG] [mezz.jei.library.plugins.vanilla.ingredients.ItemStackListFactory/]: Skipping creative tab: '搜索物品' because it is type: SEARCH
[10Aug2026 18:05:03.324] [Render thread/DEBUG] [mezz.jei.library.plugins.vanilla.ingredients.ItemStackListFactory/]: Added  101/ 113 new items from '工具与实用物品' creative tab's displayItems
[10Aug2026 18:05:03.336] [Render thread/DEBUG] [mezz.jei.library.plugins.vanilla.ingredients.ItemStackListFactory/]: Added   92/ 104 new items from '战斗用品' creative tab's displayItems
[10Aug2026 18:05:03.354] [Render thread/DEBUG] [mezz.jei.library.plugins.vanilla.ingredients.ItemStackListFactory/]: Added  190/ 193 new items from '食物与饮品' creative tab's displayItems
[10Aug2026 18:05:03.379] [Render thread/DEBUG] [mezz.jei.library.plugins.vanilla.ingredients.ItemStackListFactory/]: Added  172/ 186 new items from '原材料' creative tab's displayItems
[10Aug2026 18:05:03.380] [Render thread/DEBUG] [mezz.jei.library.plugins.vanilla.ingredients.ItemStackListFactory/]: Added   83/ 269 new items from '原材料' creative tab's searchTabDisplayItems
[10Aug2026 18:05:03.382] [Render thread/DEBUG] [mezz.jei.library.plugins.vanilla.ingredients.ItemStackListFactory/]: Added   80/  80 new items from '刷怪蛋' creative tab's displayItems
[10Aug2026 18:05:03.383] [Render thread/WARN] [mezz.jei.library.plugins.vanilla.ingredients.ItemStackListFactory/]: Item Group has no display items and no search tab display items. Items from this group will be missing from the JEI ingredient list. 管理员用品
[10Aug2026 18:05:03.383] [Render thread/DEBUG] [mezz.jei.library.plugins.vanilla.ingredients.ItemStackListFactory/]: Skipping creative tab: '生存模式物品栏' because it is type: INVENTORY
[10Aug2026 18:05:03.384] [Render thread/DEBUG] [mezz.jei.library.plugins.vanilla.ingredients.ItemStackListFactory/]: Added   60/  60 new items from '沉浸交通道路' creative tab's displayItems
[10Aug2026 18:05:03.443] [Render thread/INFO] [mezz.jei.library.load.PluginCallerTimerRunnable/]: Registering ingredients: jei:minecraft took 243.7 milliseconds
[10Aug2026 18:05:03.443] [Render thread/DEBUG] [mezz.jei.library.load.PluginCallerTimerRunnable/]: Registering ingredients: immersion_in_traffic_context:brewing_recipes...
[10Aug2026 18:05:03.443] [Render thread/DEBUG] [mezz.jei.library.load.PluginCallerTimerRunnable/]: Registering ingredients: immersion_in_traffic_context:jei_plugin...
[10Aug2026 18:05:03.443] [Render thread/DEBUG] [mezz.jei.library.load.PluginCallerTimerRunnable/]: Registering ingredients: jei:neoforge_gui...
[10Aug2026 18:05:03.444] [Render thread/DEBUG] [mezz.jei.library.load.PluginCallerTimerRunnable/]: Registering ingredients: jei:debug...
[10Aug2026 18:05:03.444] [Render thread/DEBUG] [mezz.jei.library.load.PluginCallerTimerRunnable/]: Registering ingredients: jei:gui...
[10Aug2026 18:05:03.444] [Render thread/DEBUG] [mezz.jei.library.load.PluginCallerTimerRunnable/]: Registering ingredients: jei:internal...
[10Aug2026 18:05:03.444] [Render thread/INFO] [mezz.jei.library.load.PluginCaller/]: Registering ingredients took 246.2 ms
[10Aug2026 18:05:03.445] [Render thread/INFO] [mezz.jei.library.load.PluginCaller/]: Registering extra ingredients...
[10Aug2026 18:05:03.446] [Render thread/DEBUG] [mezz.jei.library.load.PluginCallerTimerRunnable/]: Registering extra ingredients: jei:minecraft...
[10Aug2026 18:05:03.446] [Render thread/DEBUG] [mezz.jei.library.load.PluginCallerTimerRunnable/]: Registering extra ingredients: immersion_in_traffic_context:brewing_recipes...
[10Aug2026 18:05:03.447] [Render thread/DEBUG] [mezz.jei.library.load.PluginCallerTimerRunnable/]: Registering extra ingredients: immersion_in_traffic_context:jei_plugin...
[10Aug2026 18:05:03.447] [Render thread/DEBUG] [mezz.jei.library.load.PluginCallerTimerRunnable/]: Registering extra ingredients: jei:neoforge_gui...
[10Aug2026 18:05:03.447] [Render thread/DEBUG] [mezz.jei.library.load.PluginCallerTimerRunnable/]: Registering extra ingredients: jei:debug...
[10Aug2026 18:05:03.447] [Render thread/DEBUG] [mezz.jei.library.load.PluginCallerTimerRunnable/]: Registering extra ingredients: jei:gui...
[10Aug2026 18:05:03.447] [Render thread/DEBUG] [mezz.jei.library.load.PluginCallerTimerRunnable/]: Registering extra ingredients: jei:internal...
[10Aug2026 18:05:03.447] [Render thread/INFO] [mezz.jei.library.load.PluginCaller/]: Registering extra ingredients took 1.753 ms
[10Aug2026 18:05:03.449] [Render thread/INFO] [mezz.jei.library.load.PluginCaller/]: Registering search ingredient aliases...
[10Aug2026 18:05:03.450] [Render thread/DEBUG] [mezz.jei.library.load.PluginCallerTimerRunnable/]: Registering search ingredient aliases: jei:minecraft...
[10Aug2026 18:05:03.450] [Render thread/DEBUG] [mezz.jei.library.load.PluginCallerTimerRunnable/]: Registering search ingredient aliases: immersion_in_traffic_context:brewing_recipes...
[10Aug2026 18:05:03.450] [Render thread/DEBUG] [mezz.jei.library.load.PluginCallerTimerRunnable/]: Registering search ingredient aliases: immersion_in_traffic_context:jei_plugin...
[10Aug2026 18:05:03.450] [Render thread/DEBUG] [mezz.jei.library.load.PluginCallerTimerRunnable/]: Registering search ingredient aliases: jei:neoforge_gui...
[10Aug2026 18:05:03.451] [Render thread/DEBUG] [mezz.jei.library.load.PluginCallerTimerRunnable/]: Registering search ingredient aliases: jei:debug...
[10Aug2026 18:05:03.451] [Render thread/DEBUG] [mezz.jei.library.load.PluginCallerTimerRunnable/]: Registering search ingredient aliases: jei:gui...
[10Aug2026 18:05:03.451] [Render thread/DEBUG] [mezz.jei.library.load.PluginCallerTimerRunnable/]: Registering search ingredient aliases: jei:internal...
[10Aug2026 18:05:03.451] [Render thread/INFO] [mezz.jei.library.load.PluginCaller/]: Registering search ingredient aliases took 2.175 ms
[10Aug2026 18:05:03.526] [Render thread/INFO] [mezz.jei.library.load.PluginCaller/]: Registering Mod Info...
[10Aug2026 18:05:03.527] [Render thread/DEBUG] [mezz.jei.library.load.PluginCallerTimerRunnable/]: Registering Mod Info: jei:minecraft...
[10Aug2026 18:05:03.527] [Render thread/DEBUG] [mezz.jei.library.load.PluginCallerTimerRunnable/]: Registering Mod Info: immersion_in_traffic_context:brewing_recipes...
[10Aug2026 18:05:03.527] [Render thread/DEBUG] [mezz.jei.library.load.PluginCallerTimerRunnable/]: Registering Mod Info: immersion_in_traffic_context:jei_plugin...
[10Aug2026 18:05:03.527] [Render thread/DEBUG] [mezz.jei.library.load.PluginCallerTimerRunnable/]: Registering Mod Info: jei:neoforge_gui...
[10Aug2026 18:05:03.527] [Render thread/DEBUG] [mezz.jei.library.load.PluginCallerTimerRunnable/]: Registering Mod Info: jei:debug...
[10Aug2026 18:05:03.527] [Render thread/DEBUG] [mezz.jei.library.load.PluginCallerTimerRunnable/]: Registering Mod Info: jei:gui...
[10Aug2026 18:05:03.527] [Render thread/DEBUG] [mezz.jei.library.load.PluginCallerTimerRunnable/]: Registering Mod Info: jei:internal...
[10Aug2026 18:05:03.528] [Render thread/INFO] [mezz.jei.library.load.PluginCaller/]: Registering Mod Info took 1.779 ms
[10Aug2026 18:05:03.585] [Render thread/INFO] [mezz.jei.library.load.PluginCaller/]: Registering categories...
[10Aug2026 18:05:03.586] [Render thread/DEBUG] [mezz.jei.library.load.PluginCallerTimerRunnable/]: Registering categories: jei:minecraft...
[10Aug2026 18:05:03.656] [Render thread/INFO] [mezz.jei.library.load.PluginCallerTimerRunnable/]: Registering categories: jei:minecraft took 69.63 milliseconds
[10Aug2026 18:05:03.657] [Render thread/DEBUG] [mezz.jei.library.load.PluginCallerTimerRunnable/]: Registering categories: immersion_in_traffic_context:brewing_recipes...
[10Aug2026 18:05:03.657] [Render thread/DEBUG] [mezz.jei.library.load.PluginCallerTimerRunnable/]: Registering categories: immersion_in_traffic_context:jei_plugin...
[10Aug2026 18:05:03.662] [Render thread/DEBUG] [mezz.jei.library.load.PluginCallerTimerRunnable/]: Registering categories: jei:neoforge_gui...
[10Aug2026 18:05:03.663] [Render thread/DEBUG] [mezz.jei.library.load.PluginCallerTimerRunnable/]: Registering categories: jei:debug...
[10Aug2026 18:05:03.663] [Render thread/DEBUG] [mezz.jei.library.load.PluginCallerTimerRunnable/]: Registering categories: jei:gui...
[10Aug2026 18:05:03.663] [Render thread/DEBUG] [mezz.jei.library.load.PluginCallerTimerRunnable/]: Registering categories: jei:internal...
[10Aug2026 18:05:03.684] [Render thread/INFO] [mezz.jei.library.load.PluginCallerTimerRunnable/]: Registering categories: jei:internal took 21.01 milliseconds
[10Aug2026 18:05:03.685] [Render thread/INFO] [mezz.jei.library.load.PluginCaller/]: Registering categories took 99.95 ms
[10Aug2026 18:05:03.691] [Render thread/INFO] [mezz.jei.library.load.PluginCaller/]: Registering vanilla category extensions...
[10Aug2026 18:05:03.692] [Render thread/DEBUG] [mezz.jei.library.load.PluginCallerTimerRunnable/]: Registering vanilla category extensions: jei:minecraft...
[10Aug2026 18:05:03.706] [Render thread/INFO] [mezz.jei.library.load.PluginCallerTimerRunnable/]: Registering vanilla category extensions: jei:minecraft took 13.59 milliseconds
[10Aug2026 18:05:03.706] [Render thread/DEBUG] [mezz.jei.library.load.PluginCallerTimerRunnable/]: Registering vanilla category extensions: immersion_in_traffic_context:brewing_recipes...
[10Aug2026 18:05:03.707] [Render thread/DEBUG] [mezz.jei.library.load.PluginCallerTimerRunnable/]: Registering vanilla category extensions: immersion_in_traffic_context:jei_plugin...
[10Aug2026 18:05:03.707] [Render thread/DEBUG] [mezz.jei.library.load.PluginCallerTimerRunnable/]: Registering vanilla category extensions: jei:neoforge_gui...
[10Aug2026 18:05:03.707] [Render thread/DEBUG] [mezz.jei.library.load.PluginCallerTimerRunnable/]: Registering vanilla category extensions: jei:debug...
[10Aug2026 18:05:03.707] [Render thread/DEBUG] [mezz.jei.library.load.PluginCallerTimerRunnable/]: Registering vanilla category extensions: jei:gui...
[10Aug2026 18:05:03.707] [Render thread/DEBUG] [mezz.jei.library.load.PluginCallerTimerRunnable/]: Registering vanilla category extensions: jei:internal...
[10Aug2026 18:05:03.707] [Render thread/INFO] [mezz.jei.library.load.PluginCaller/]: Registering vanilla category extensions took 15.52 ms
[10Aug2026 18:05:03.712] [Render thread/INFO] [mezz.jei.library.load.PluginCaller/]: Registering recipe catalysts...
[10Aug2026 18:05:03.712] [Render thread/DEBUG] [mezz.jei.library.load.PluginCallerTimerRunnable/]: Registering recipe catalysts: jei:minecraft...
[10Aug2026 18:05:03.713] [Render thread/DEBUG] [mezz.jei.library.load.PluginCallerTimerRunnable/]: Registering recipe catalysts: immersion_in_traffic_context:brewing_recipes...
[10Aug2026 18:05:03.713] [Render thread/DEBUG] [mezz.jei.library.load.PluginCallerTimerRunnable/]: Registering recipe catalysts: immersion_in_traffic_context:jei_plugin...
[10Aug2026 18:05:03.713] [Render thread/DEBUG] [mezz.jei.library.load.PluginCallerTimerRunnable/]: Registering recipe catalysts: jei:neoforge_gui...
[10Aug2026 18:05:03.713] [Render thread/DEBUG] [mezz.jei.library.load.PluginCallerTimerRunnable/]: Registering recipe catalysts: jei:debug...
[10Aug2026 18:05:03.713] [Render thread/DEBUG] [mezz.jei.library.load.PluginCallerTimerRunnable/]: Registering recipe catalysts: jei:gui...
[10Aug2026 18:05:03.714] [Render thread/DEBUG] [mezz.jei.library.load.PluginCallerTimerRunnable/]: Registering recipe catalysts: jei:internal...
[10Aug2026 18:05:03.714] [Render thread/INFO] [mezz.jei.library.load.PluginCaller/]: Registering recipe catalysts took 1.883 ms
[10Aug2026 18:05:03.716] [Render thread/INFO] [mezz.jei.core.util.LoggedTimer/]: Building recipe registry...
[10Aug2026 18:05:03.793] [Render thread/INFO] [mezz.jei.core.util.LoggedTimer/]: Building recipe registry took 77.75 ms
[10Aug2026 18:05:03.800] [Render thread/INFO] [mezz.jei.library.load.PluginCaller/]: Registering advanced plugins...
[10Aug2026 18:05:03.802] [Render thread/DEBUG] [mezz.jei.library.load.PluginCallerTimerRunnable/]: Registering advanced plugins: jei:minecraft...
[10Aug2026 18:05:03.802] [Render thread/DEBUG] [mezz.jei.library.load.PluginCallerTimerRunnable/]: Registering advanced plugins: immersion_in_traffic_context:brewing_recipes...
[10Aug2026 18:05:03.802] [Render thread/DEBUG] [mezz.jei.library.load.PluginCallerTimerRunnable/]: Registering advanced plugins: immersion_in_traffic_context:jei_plugin...
[10Aug2026 18:05:03.802] [Render thread/DEBUG] [mezz.jei.library.load.PluginCallerTimerRunnable/]: Registering advanced plugins: jei:neoforge_gui...
[10Aug2026 18:05:03.803] [Render thread/DEBUG] [mezz.jei.library.load.PluginCallerTimerRunnable/]: Registering advanced plugins: jei:debug...
[10Aug2026 18:05:03.803] [Render thread/DEBUG] [mezz.jei.library.load.PluginCallerTimerRunnable/]: Registering advanced plugins: jei:gui...
[10Aug2026 18:05:03.803] [Render thread/DEBUG] [mezz.jei.library.load.PluginCallerTimerRunnable/]: Registering advanced plugins: jei:internal...
[10Aug2026 18:05:03.803] [Render thread/INFO] [mezz.jei.library.load.PluginCaller/]: Registering advanced plugins took 2.225 ms
[10Aug2026 18:05:03.807] [Render thread/INFO] [mezz.jei.library.load.PluginCaller/]: Registering recipes...
[10Aug2026 18:05:03.809] [Render thread/DEBUG] [mezz.jei.library.load.PluginCallerTimerRunnable/]: Registering recipes: jei:minecraft...
[10Aug2026 18:05:03.876] [Render thread/DEBUG] [mezz.jei.library.recipes.RecipeManagerInternal/]: Adding recipes: RecipeType[uid=minecraft:crafting, recipeClass=class net.minecraft.world.item.crafting.RecipeHolder]
[10Aug2026 18:05:03.949] [Render thread/DEBUG] [mezz.jei.library.recipes.RecipeManagerInternal/]: Adding recipes: RecipeType[uid=minecraft:crafting, recipeClass=class net.minecraft.world.item.crafting.RecipeHolder]
[10Aug2026 18:05:03.969] [Render thread/DEBUG] [mezz.jei.library.recipes.RecipeManagerInternal/]: Adding recipes: RecipeType[uid=minecraft:stonecutting, recipeClass=class net.minecraft.world.item.crafting.RecipeHolder]
[10Aug2026 18:05:03.976] [Render thread/DEBUG] [mezz.jei.library.recipes.RecipeManagerInternal/]: Adding recipes: RecipeType[uid=minecraft:smelting, recipeClass=class net.minecraft.world.item.crafting.RecipeHolder]
[10Aug2026 18:05:03.979] [Render thread/DEBUG] [mezz.jei.library.recipes.RecipeManagerInternal/]: Adding recipes: RecipeType[uid=minecraft:smoking, recipeClass=class net.minecraft.world.item.crafting.RecipeHolder]
[10Aug2026 18:05:03.980] [Render thread/DEBUG] [mezz.jei.library.recipes.RecipeManagerInternal/]: Adding recipes: RecipeType[uid=minecraft:blasting, recipeClass=class net.minecraft.world.item.crafting.RecipeHolder]
[10Aug2026 18:05:03.981] [Render thread/DEBUG] [mezz.jei.library.recipes.RecipeManagerInternal/]: Adding recipes: RecipeType[uid=minecraft:campfire_cooking, recipeClass=class net.minecraft.world.item.crafting.RecipeHolder]
[10Aug2026 18:05:03.997] [Render thread/DEBUG] [mezz.jei.library.recipes.RecipeManagerInternal/]: Adding recipes: RecipeType[uid=minecraft:fuel, recipeClass=interface mezz.jei.api.recipe.vanilla.IJeiFuelingRecipe]
[10Aug2026 18:05:04.038] [Render thread/DEBUG] [mezz.jei.library.recipes.RecipeManagerInternal/]: Adding recipes: RecipeType[uid=minecraft:anvil, recipeClass=interface mezz.jei.api.recipe.vanilla.IJeiAnvilRecipe]
[10Aug2026 18:05:04.086] [Render thread/DEBUG] [mezz.jei.library.recipes.RecipeManagerInternal/]: Adding recipes: RecipeType[uid=minecraft:smithing, recipeClass=class net.minecraft.world.item.crafting.RecipeHolder]
[10Aug2026 18:05:04.114] [Render thread/DEBUG] [mezz.jei.library.recipes.RecipeManagerInternal/]: Adding recipes: RecipeType[uid=minecraft:compostable, recipeClass=interface mezz.jei.api.recipe.vanilla.IJeiCompostingRecipe]
[10Aug2026 18:05:04.186] [Render thread/DEBUG] [mezz.jei.library.recipes.RecipeManagerInternal/]: Adding recipes: RecipeType[uid=minecraft:brewing, recipeClass=interface mezz.jei.api.recipe.vanilla.IJeiBrewingRecipe]
[10Aug2026 18:05:04.205] [Render thread/INFO] [mezz.jei.library.load.PluginCallerTimerRunnable/]: Registering recipes: jei:minecraft took 396.2 milliseconds
[10Aug2026 18:05:04.206] [Render thread/DEBUG] [mezz.jei.library.load.PluginCallerTimerRunnable/]: Registering recipes: immersion_in_traffic_context:brewing_recipes...
[10Aug2026 18:05:04.207] [Render thread/DEBUG] [mezz.jei.library.recipes.RecipeManagerInternal/]: Adding recipes: RecipeType[uid=minecraft:brewing, recipeClass=interface mezz.jei.api.recipe.vanilla.IJeiBrewingRecipe]
[10Aug2026 18:05:04.207] [Render thread/DEBUG] [mezz.jei.library.load.PluginCallerTimerRunnable/]: Registering recipes: immersion_in_traffic_context:jei_plugin...
[10Aug2026 18:05:04.209] [Render thread/DEBUG] [mezz.jei.library.recipes.RecipeManagerInternal/]: Adding recipes: RecipeType[uid=immersion_in_traffic_context:jei_1, recipeClass=class net.mcreator.immersionintrafficcontext.jei_recipes.Jei1Recipe]
[10Aug2026 18:05:04.216] [Render thread/ERROR] [mezz.jei.library.util.IngredientSupplierHelper/]: Found a broken recipe, failed to setRecipe with RecipeLayoutBuilder: net.mcreator.immersionintrafficcontext.jei_recipes.Jei1Recipe@75c4cd19

java.lang.ArrayIndexOutOfBoundsException: Index 10 out of bounds for length 3
	at java.base/java.util.Arrays$ArrayList.get(Arrays.java:4266) ~[?:?]
	at TRANSFORMER/minecraft@1.21.1/net.minecraft.core.NonNullList.get(NonNullList.java:66) ~[neoforge-21.1.232.jar%23189!/:?]
	at TRANSFORMER/immersion_in_traffic_context@1.21.1.4.0.0/net.mcreator.immersionintrafficcontext.jei_recipes.Jei1RecipeCategory.setRecipe(Jei1RecipeCategory.java:81) ~[%23191!/:?]
	at TRANSFORMER/immersion_in_traffic_context@1.21.1.4.0.0/net.mcreator.immersionintrafficcontext.jei_recipes.Jei1RecipeCategory.setRecipe(Jei1RecipeCategory.java:25) ~[%23191!/:?]
	at TRANSFORMER/jei@19.21.0.247/mezz.jei.library.util.IngredientSupplierHelper.getIngredientSupplier(IngredientSupplierHelper.java:23) ~[jei-1.21.1-neoforge-19.21.0.247.jar%23193!/:19.21.0.247]
	at TRANSFORMER/jei@19.21.0.247/mezz.jei.library.recipes.RecipeManagerInternal.addRecipe(RecipeManagerInternal.java:148) ~[jei-1.21.1-neoforge-19.21.0.247.jar%23193!/:19.21.0.247]
	at TRANSFORMER/jei@19.21.0.247/mezz.jei.library.recipes.RecipeManagerInternal.addRecipes(RecipeManagerInternal.java:121) ~[jei-1.21.1-neoforge-19.21.0.247.jar%23193!/:19.21.0.247]
	at TRANSFORMER/jei@19.21.0.247/mezz.jei.library.load.registration.RecipeRegistration.addRecipes(RecipeRegistration.java:52) ~[jei-1.21.1-neoforge-19.21.0.247.jar%23193!/:19.21.0.247]
	at TRANSFORMER/immersion_in_traffic_context@1.21.1.4.0.0/net.mcreator.immersionintrafficcontext.init.ImmersionInTrafficContextModJeiPlugin.registerRecipes(ImmersionInTrafficContextModJeiPlugin.java:40) ~[%23191!/:?]
	at TRANSFORMER/jei@19.21.0.247/mezz.jei.library.load.PluginLoader.lambda$createRecipeManager$15(PluginLoader.java:202) ~[jei-1.21.1-neoforge-19.21.0.247.jar%23193!/:19.21.0.247]
	at TRANSFORMER/jei@19.21.0.247/mezz.jei.library.load.PluginCaller.callOnPlugins(PluginCaller.java:25) ~[jei-1.21.1-neoforge-19.21.0.247.jar%23193!/:19.21.0.247]
	at TRANSFORMER/jei@19.21.0.247/mezz.jei.library.load.PluginLoader.createRecipeManager(PluginLoader.java:202) ~[jei-1.21.1-neoforge-19.21.0.247.jar%23193!/:19.21.0.247]
	at TRANSFORMER/jei@19.21.0.247/mezz.jei.library.startup.JeiStarter.start(JeiStarter.java:129) ~[jei-1.21.1-neoforge-19.21.0.247.jar%23193!/:19.21.0.247]
	at TRANSFORMER/jei@19.21.0.247/mezz.jei.neoforge.startup.StartEventObserver.transitionState(StartEventObserver.java:170) ~[jei-1.21.1-neoforge-19.21.0.247.jar%23193!/:19.21.0.247]
	at TRANSFORMER/jei@19.21.0.247/mezz.jei.neoforge.startup.StartEventObserver.onEvent(StartEventObserver.java:120) ~[jei-1.21.1-neoforge-19.21.0.247.jar%23193!/:19.21.0.247]
	at MC-BOOTSTRAP/net.neoforged.bus/net.neoforged.bus.ConsumerEventHandler.invoke(ConsumerEventHandler.java:27) ~[bus-8.0.5.jar%23150!/:?]
	at MC-BOOTSTRAP/net.neoforged.bus/net.neoforged.bus.EventBus.post(EventBus.java:360) ~[bus-8.0.5.jar%23150!/:?]
	at MC-BOOTSTRAP/net.neoforged.bus/net.neoforged.bus.EventBus.post(EventBus.java:328) ~[bus-8.0.5.jar%23150!/:?]
	at TRANSFORMER/neoforge@21.1.232/net.neoforged.neoforge.client.ClientHooks.onRecipesUpdated(ClientHooks.java:664) ~[neoforge-21.1.232.jar%23190!/:?]
	at TRANSFORMER/minecraft@1.21.1/net.minecraft.client.multiplayer.ClientPacketListener.handleUpdateRecipes(ClientPacketListener.java:1506) ~[neoforge-21.1.232.jar%23189!/:?]
	at TRANSFORMER/minecraft@1.21.1/net.minecraft.network.protocol.game.ClientboundUpdateRecipesPacket.handle(ClientboundUpdateRecipesPacket.java:28) ~[neoforge-21.1.232.jar%23189!/:?]
	at TRANSFORMER/minecraft@1.21.1/net.minecraft.network.protocol.game.ClientboundUpdateRecipesPacket.handle(ClientboundUpdateRecipesPacket.java:12) ~[neoforge-21.1.232.jar%23189!/:?]
	at TRANSFORMER/minecraft@1.21.1/net.minecraft.network.protocol.PacketUtils.lambda$ensureRunningOnSameThread$0(PacketUtils.java:26) ~[neoforge-21.1.232.jar%23189!/:?]
	at TRANSFORMER/minecraft@1.21.1/net.minecraft.util.thread.BlockableEventLoop.doRunTask(BlockableEventLoop.java:148) ~[neoforge-21.1.232.jar%23189!/:?]
	at TRANSFORMER/minecraft@1.21.1/net.minecraft.util.thread.ReentrantBlockableEventLoop.doRunTask(ReentrantBlockableEventLoop.java:24) ~[neoforge-21.1.232.jar%23189!/:?]
	at TRANSFORMER/minecraft@1.21.1/net.minecraft.util.thread.BlockableEventLoop.pollTask(BlockableEventLoop.java:122) ~[neoforge-21.1.232.jar%23189!/:?]
	at TRANSFORMER/minecraft@1.21.1/net.minecraft.util.thread.BlockableEventLoop.runAllTasks(BlockableEventLoop.java:111) ~[neoforge-21.1.232.jar%23189!/:?]
	at TRANSFORMER/minecraft@1.21.1/net.minecraft.client.Minecraft.runTick(Minecraft.java:1155) ~[neoforge-21.1.232.jar%23189!/:?]
	at TRANSFORMER/minecraft@1.21.1/net.minecraft.client.Minecraft.run(Minecraft.java:807) ~[neoforge-21.1.232.jar%23189!/:?]
	at TRANSFORMER/minecraft@1.21.1/net.minecraft.client.main.Main.main(Main.java:230) ~[neoforge-21.1.232.jar%23189!/:?]
	at java.base/jdk.internal.reflect.DirectMethodHandleAccessor.invoke(DirectMethodHandleAccessor.java:103) ~[?:?]
	at java.base/java.lang.reflect.Method.invoke(Method.java:580) ~[?:?]
	at MC-BOOTSTRAP/fml_loader@4.0.42/net.neoforged.fml.loading.targets.CommonLaunchHandler.runTarget(CommonLaunchHandler.java:136) ~[loader-4.0.42.jar%23146!/:4.0]
	at MC-BOOTSTRAP/fml_loader@4.0.42/net.neoforged.fml.loading.targets.CommonLaunchHandler.clientService(CommonLaunchHandler.java:124) ~[loader-4.0.42.jar%23146!/:4.0]
	at MC-BOOTSTRAP/fml_loader@4.0.42/net.neoforged.fml.loading.targets.NeoForgeClientDevLaunchHandler.runService(NeoForgeClientDevLaunchHandler.java:23) ~[loader-4.0.42.jar%23146!/:4.0]
	at MC-BOOTSTRAP/fml_loader@4.0.42/net.neoforged.fml.loading.targets.CommonLaunchHandler.lambda$launchService$4(CommonLaunchHandler.java:118) ~[loader-4.0.42.jar%23146!/:4.0]
	at MC-BOOTSTRAP/cpw.mods.modlauncher@11.0.5/cpw.mods.modlauncher.LaunchServiceHandlerDecorator.launch(LaunchServiceHandlerDecorator.java:30) [modlauncher-11.0.5.jar%23128!/:?]
	at MC-BOOTSTRAP/cpw.mods.modlauncher@11.0.5/cpw.mods.modlauncher.LaunchServiceHandler.launch(LaunchServiceHandler.java:53) [modlauncher-11.0.5.jar%23128!/:?]
	at MC-BOOTSTRAP/cpw.mods.modlauncher@11.0.5/cpw.mods.modlauncher.LaunchServiceHandler.launch(LaunchServiceHandler.java:71) [modlauncher-11.0.5.jar%23128!/:?]
	at MC-BOOTSTRAP/cpw.mods.modlauncher@11.0.5/cpw.mods.modlauncher.Launcher.run(Launcher.java:103) [modlauncher-11.0.5.jar%23128!/:?]
	at MC-BOOTSTRAP/cpw.mods.modlauncher@11.0.5/cpw.mods.modlauncher.Launcher.main(Launcher.java:74) [modlauncher-11.0.5.jar%23128!/:?]
	at MC-BOOTSTRAP/cpw.mods.modlauncher@11.0.5/cpw.mods.modlauncher.BootstrapLaunchConsumer.accept(BootstrapLaunchConsumer.java:26) [modlauncher-11.0.5.jar%23128!/:?]
	at MC-BOOTSTRAP/cpw.mods.modlauncher@11.0.5/cpw.mods.modlauncher.BootstrapLaunchConsumer.accept(BootstrapLaunchConsumer.java:23) [modlauncher-11.0.5.jar%23128!/:?]
	at cpw.mods.bootstraplauncher@2.0.2/cpw.mods.bootstraplauncher.BootstrapLauncher.run(BootstrapLauncher.java:210) [bootstraplauncher-2.0.2.jar:?]
	at cpw.mods.bootstraplauncher@2.0.2/cpw.mods.bootstraplauncher.BootstrapLauncher.main(BootstrapLauncher.java:69) [bootstraplauncher-2.0.2.jar:?]
	at java.base/jdk.internal.reflect.DirectMethodHandleAccessor.invoke(DirectMethodHandleAccessor.java:103) ~[?:?]
	at java.base/java.lang.reflect.Method.invoke(Method.java:580) ~[?:?]
	at net.neoforged.devlaunch.Main.main(Main.java:57) [DevLaunch-1.0.2.jar:?]
[10Aug2026 18:05:04.222] [Render thread/INFO] [mezz.jei.library.load.PluginCallerTimerRunnable/]: Registering recipes: immersion_in_traffic_context:jei_plugin took 15.95 milliseconds
[10Aug2026 18:05:04.224] [Render thread/DEBUG] [mezz.jei.library.load.PluginCallerTimerRunnable/]: Registering recipes: jei:neoforge_gui...
[10Aug2026 18:05:04.224] [Render thread/DEBUG] [mezz.jei.library.load.PluginCallerTimerRunnable/]: Registering recipes: jei:debug...
[10Aug2026 18:05:04.224] [Render thread/DEBUG] [mezz.jei.library.load.PluginCallerTimerRunnable/]: Registering recipes: jei:gui...
[10Aug2026 18:05:04.224] [Render thread/DEBUG] [mezz.jei.library.load.PluginCallerTimerRunnable/]: Registering recipes: jei:internal...
[10Aug2026 18:05:04.233] [Render thread/DEBUG] [mezz.jei.library.plugins.jei.tags.TagInfoRecipeMaker/]: No valid ingredients found for minecraft:block tag: Enderman Place On Blacklist (neoforge:enderman_place_on_blacklist)
[10Aug2026 18:05:04.233] [Render thread/DEBUG] [mezz.jei.library.plugins.jei.tags.TagInfoRecipeMaker/]: No valid ingredients found for minecraft:block tag: #minecraft:air (minecraft:air)
[10Aug2026 18:05:04.235] [Render thread/DEBUG] [mezz.jei.library.plugins.jei.tags.TagInfoRecipeMaker/]: No valid ingredients found for minecraft:block tag: #minecraft:incorrect_for_netherite_tool (minecraft:incorrect_for_netherite_tool)
[10Aug2026 18:05:04.235] [Render thread/DEBUG] [mezz.jei.library.plugins.jei.tags.TagInfoRecipeMaker/]: No valid ingredients found for minecraft:block tag: #minecraft:portals (minecraft:portals)
[10Aug2026 18:05:04.235] [Render thread/DEBUG] [mezz.jei.library.plugins.jei.tags.TagInfoRecipeMaker/]: No valid ingredients found for minecraft:block tag: #minecraft:candle_cakes (minecraft:candle_cakes)
[10Aug2026 18:05:04.237] [Render thread/DEBUG] [mezz.jei.library.plugins.jei.tags.TagInfoRecipeMaker/]: No valid ingredients found for minecraft:block tag: #minecraft:strider_warm_blocks (minecraft:strider_warm_blocks)
[10Aug2026 18:05:04.238] [Render thread/DEBUG] [mezz.jei.library.plugins.jei.tags.TagInfoRecipeMaker/]: No valid ingredients found for minecraft:block tag: Ropes (c:ropes)
[10Aug2026 18:05:04.241] [Render thread/DEBUG] [mezz.jei.library.plugins.jei.tags.TagInfoRecipeMaker/]: No valid ingredients found for minecraft:block tag: #minecraft:invalid_spawn_inside (minecraft:invalid_spawn_inside)
[10Aug2026 18:05:04.242] [Render thread/DEBUG] [mezz.jei.library.plugins.jei.tags.TagInfoRecipeMaker/]: No valid ingredients found for minecraft:block tag: #minecraft:fire (minecraft:fire)
[10Aug2026 18:05:04.244] [Render thread/DEBUG] [mezz.jei.library.plugins.jei.tags.TagInfoRecipeMaker/]: No valid ingredients found for minecraft:block tag: Needs Netherite Tools (neoforge:needs_netherite_tool)
[10Aug2026 18:05:04.245] [Render thread/DEBUG] [mezz.jei.library.plugins.jei.tags.TagInfoRecipeMaker/]: No valid ingredients found for minecraft:block tag: Relocation Not Supported (c:relocation_not_supported)
[10Aug2026 18:05:04.247] [Render thread/DEBUG] [mezz.jei.library.plugins.jei.tags.TagInfoRecipeMaker/]: No valid ingredients found for minecraft:block tag: #minecraft:incorrect_for_diamond_tool (minecraft:incorrect_for_diamond_tool)
[10Aug2026 18:05:04.248] [Render thread/DEBUG] [mezz.jei.library.recipes.RecipeManagerInternal/]: Adding recipes: RecipeType[uid=minecraft:tag_recipes/block, recipeClass=interface mezz.jei.library.plugins.jei.tags.ITagInfoRecipe]
[10Aug2026 18:05:04.312] [Render thread/DEBUG] [mezz.jei.library.plugins.jei.tags.TagInfoRecipeMaker/]: No valid ingredients found for minecraft:item tag: Ropes (c:ropes)
[10Aug2026 18:05:04.313] [Render thread/DEBUG] [mezz.jei.library.plugins.jei.tags.TagInfoRecipeMaker/]: No valid ingredients found for minecraft:item tag: Wrenches (c:tools/wrench)
[10Aug2026 18:05:04.315] [Render thread/DEBUG] [mezz.jei.library.plugins.jei.tags.TagInfoRecipeMaker/]: No valid ingredients found for minecraft:item tag: Juice (c:drinks/juice)
[10Aug2026 18:05:04.318] [Render thread/DEBUG] [mezz.jei.library.plugins.jei.tags.TagInfoRecipeMaker/]: No valid ingredients found for minecraft:item tag: Water (c:drinks/water)
[10Aug2026 18:05:04.318] [Render thread/DEBUG] [mezz.jei.library.plugins.jei.tags.TagInfoRecipeMaker/]: No valid ingredients found for minecraft:item tag: Doughs (c:foods/dough)
[10Aug2026 18:05:04.318] [Render thread/DEBUG] [mezz.jei.library.plugins.jei.tags.TagInfoRecipeMaker/]: No valid ingredients found for minecraft:item tag: #immersion_in_traffic_context:jei_empty_tag (immersion_in_traffic_context:jei_empty_tag)
[10Aug2026 18:05:04.319] [Render thread/DEBUG] [mezz.jei.library.plugins.jei.tags.TagInfoRecipeMaker/]: No valid ingredients found for minecraft:item tag: Candies (c:foods/candy)
[10Aug2026 18:05:04.320] [Render thread/DEBUG] [mezz.jei.library.recipes.RecipeManagerInternal/]: Adding recipes: RecipeType[uid=minecraft:tag_recipes/item, recipeClass=interface mezz.jei.library.plugins.jei.tags.ITagInfoRecipe]
[10Aug2026 18:05:04.364] [Render thread/DEBUG] [mezz.jei.library.plugins.jei.tags.TagInfoRecipeMaker/]: No valid ingredients found for minecraft:fluid tag: Experience (c:experience)
[10Aug2026 18:05:04.365] [Render thread/DEBUG] [mezz.jei.library.plugins.jei.tags.TagInfoRecipeMaker/]: No valid ingredients found for minecraft:fluid tag: Milk (c:milk)
[10Aug2026 18:05:04.365] [Render thread/DEBUG] [mezz.jei.library.plugins.jei.tags.TagInfoRecipeMaker/]: No valid ingredients found for minecraft:fluid tag: Mushroom Stew (c:mushroom_stew)
[10Aug2026 18:05:04.365] [Render thread/DEBUG] [mezz.jei.library.plugins.jei.tags.TagInfoRecipeMaker/]: No valid ingredients found for minecraft:fluid tag: Rabbit Stew (c:rabbit_stew)
[10Aug2026 18:05:04.366] [Render thread/DEBUG] [mezz.jei.library.plugins.jei.tags.TagInfoRecipeMaker/]: No valid ingredients found for minecraft:fluid tag: Honey (c:honey)
[10Aug2026 18:05:04.366] [Render thread/DEBUG] [mezz.jei.library.plugins.jei.tags.TagInfoRecipeMaker/]: No valid ingredients found for minecraft:fluid tag: Potion (c:potion)
[10Aug2026 18:05:04.366] [Render thread/DEBUG] [mezz.jei.library.plugins.jei.tags.TagInfoRecipeMaker/]: No valid ingredients found for minecraft:fluid tag: Suspicious Stew (c:suspicious_stew)
[10Aug2026 18:05:04.366] [Render thread/DEBUG] [mezz.jei.library.plugins.jei.tags.TagInfoRecipeMaker/]: No valid ingredients found for minecraft:fluid tag: Gaseous (c:gaseous)
[10Aug2026 18:05:04.366] [Render thread/DEBUG] [mezz.jei.library.plugins.jei.tags.TagInfoRecipeMaker/]: No valid ingredients found for minecraft:fluid tag: Beetroot Soup (c:beetroot_soup)
[10Aug2026 18:05:04.366] [Render thread/DEBUG] [mezz.jei.library.recipes.RecipeManagerInternal/]: Adding recipes: RecipeType[uid=minecraft:tag_recipes/fluid, recipeClass=interface mezz.jei.library.plugins.jei.tags.ITagInfoRecipe]
[10Aug2026 18:05:04.367] [Render thread/INFO] [mezz.jei.library.load.PluginCallerTimerRunnable/]: Registering recipes: jei:internal took 143.2 milliseconds
[10Aug2026 18:05:04.368] [Render thread/INFO] [mezz.jei.library.load.PluginCaller/]: Registering recipes took 560.0 ms
[10Aug2026 18:05:04.388] [Render thread/INFO] [mezz.jei.library.load.PluginCaller/]: Registering recipes transfer handlers...
[10Aug2026 18:05:04.389] [Render thread/DEBUG] [mezz.jei.library.load.PluginCallerTimerRunnable/]: Registering recipes transfer handlers: jei:minecraft...
[10Aug2026 18:05:04.396] [Render thread/DEBUG] [mezz.jei.library.load.PluginCallerTimerRunnable/]: Registering recipes transfer handlers: immersion_in_traffic_context:brewing_recipes...
[10Aug2026 18:05:04.397] [Render thread/DEBUG] [mezz.jei.library.load.PluginCallerTimerRunnable/]: Registering recipes transfer handlers: immersion_in_traffic_context:jei_plugin...
[10Aug2026 18:05:04.397] [Render thread/DEBUG] [mezz.jei.library.load.PluginCallerTimerRunnable/]: Registering recipes transfer handlers: jei:neoforge_gui...
[10Aug2026 18:05:04.397] [Render thread/DEBUG] [mezz.jei.library.load.PluginCallerTimerRunnable/]: Registering recipes transfer handlers: jei:debug...
[10Aug2026 18:05:04.397] [Render thread/DEBUG] [mezz.jei.library.load.PluginCallerTimerRunnable/]: Registering recipes transfer handlers: jei:gui...
[10Aug2026 18:05:04.397] [Render thread/DEBUG] [mezz.jei.library.load.PluginCallerTimerRunnable/]: Registering recipes transfer handlers: jei:internal...
[10Aug2026 18:05:04.398] [Render thread/INFO] [mezz.jei.library.load.PluginCaller/]: Registering recipes transfer handlers took 9.036 ms
[10Aug2026 18:05:04.417] [Render thread/INFO] [mezz.jei.core.util.LoggedTimer/]: Building runtime...
[10Aug2026 18:05:04.434] [Render thread/INFO] [mezz.jei.library.load.PluginCaller/]: Registering gui handlers...
[10Aug2026 18:05:04.435] [Render thread/DEBUG] [mezz.jei.library.load.PluginCallerTimerRunnable/]: Registering gui handlers: jei:minecraft...
[10Aug2026 18:05:04.442] [Render thread/DEBUG] [mezz.jei.library.load.PluginCallerTimerRunnable/]: Registering gui handlers: immersion_in_traffic_context:brewing_recipes...
[10Aug2026 18:05:04.443] [Render thread/DEBUG] [mezz.jei.library.load.PluginCallerTimerRunnable/]: Registering gui handlers: immersion_in_traffic_context:jei_plugin...
[10Aug2026 18:05:04.443] [Render thread/DEBUG] [mezz.jei.library.load.PluginCallerTimerRunnable/]: Registering gui handlers: jei:neoforge_gui...
[10Aug2026 18:05:04.443] [Render thread/DEBUG] [mezz.jei.library.load.PluginCallerTimerRunnable/]: Registering gui handlers: jei:debug...
[10Aug2026 18:05:04.443] [Render thread/DEBUG] [mezz.jei.library.load.PluginCallerTimerRunnable/]: Registering gui handlers: jei:gui...
[10Aug2026 18:05:04.454] [Render thread/DEBUG] [mezz.jei.library.load.PluginCallerTimerRunnable/]: Registering gui handlers: jei:internal...
[10Aug2026 18:05:04.455] [Render thread/INFO] [mezz.jei.library.load.PluginCaller/]: Registering gui handlers took 20.75 ms
[10Aug2026 18:05:04.464] [Render thread/INFO] [mezz.jei.library.load.PluginCaller/]: Registering Runtime...
[10Aug2026 18:05:04.465] [Render thread/DEBUG] [mezz.jei.library.load.PluginCallerTimerRunnable/]: Registering Runtime: jei:minecraft...
[10Aug2026 18:05:04.466] [Render thread/DEBUG] [mezz.jei.library.load.PluginCallerTimerRunnable/]: Registering Runtime: immersion_in_traffic_context:brewing_recipes...
[10Aug2026 18:05:04.466] [Render thread/DEBUG] [mezz.jei.library.load.PluginCallerTimerRunnable/]: Registering Runtime: immersion_in_traffic_context:jei_plugin...
[10Aug2026 18:05:04.466] [Render thread/DEBUG] [mezz.jei.library.load.PluginCallerTimerRunnable/]: Registering Runtime: jei:neoforge_gui...
[10Aug2026 18:05:04.472] [Render thread/INFO] [mezz.jei.gui.startup.JeiGuiStarter/]: Starting JEI GUI
[10Aug2026 18:05:04.474] [Render thread/INFO] [mezz.jei.core.util.LoggedTimer/]: Building ingredient list...
[10Aug2026 18:05:04.476] [Render thread/DEBUG] [mezz.jei.gui.ingredients.IngredientListElementFactory/]: Registering ingredients: ItemStack
[10Aug2026 18:05:04.565] [Render thread/DEBUG] [mezz.jei.gui.ingredients.IngredientListElementFactory/]: Registering ingredients: FluidStack
[10Aug2026 18:05:04.566] [Render thread/INFO] [mezz.jei.core.util.LoggedTimer/]: Building ingredient list took 92.01 ms
[10Aug2026 18:05:04.567] [Render thread/INFO] [mezz.jei.core.util.LoggedTimer/]: Building ingredient filter...
[10Aug2026 18:05:04.694] [Render thread/INFO] [mezz.jei.gui.ingredients.IngredientFilter/]: Adding 1751 ingredients
[10Aug2026 18:05:05.132] [JEI Config Save Delay/DEBUG] [mezz.jei.common.config.file.ConfigSerializer/]: Saving config file: C:\Users\29406\MCreatorWorkspaces\immersion_in_traffic_context\run\config\jei\jei-debug.ini
[10Aug2026 18:05:05.132] [JEI Config Save Delay/DEBUG] [mezz.jei.common.config.file.ConfigSerializer/]: Saving config file: C:\Users\29406\MCreatorWorkspaces\immersion_in_traffic_context\run\config\jei\jei-mod-id-format.ini
[10Aug2026 18:05:05.134] [JEI Config Save Delay/DEBUG] [mezz.jei.common.config.file.ConfigSerializer/]: Saving config file: C:\Users\29406\MCreatorWorkspaces\immersion_in_traffic_context\run\config\jei\jei-colors.ini
[10Aug2026 18:05:05.137] [JEI Config Save Delay/DEBUG] [mezz.jei.common.config.file.ConfigSerializer/]: Saving config file: C:\Users\29406\MCreatorWorkspaces\immersion_in_traffic_context\run\config\jei\jei-client.ini
[10Aug2026 18:05:05.138] [Render thread/INFO] [mezz.jei.gui.ingredients.IngredientFilter/]: Added 1751 ingredients
[10Aug2026 18:05:05.140] [Render thread/INFO] [mezz.jei.core.util.LoggedTimer/]: Building ingredient filter took 573.1 ms
[10Aug2026 18:05:05.391] [Render thread/INFO] [mezz.jei.library.load.PluginCallerTimerRunnable/]: Registering Runtime: jei:neoforge_gui took 924.5 milliseconds
[10Aug2026 18:05:05.391] [Render thread/DEBUG] [mezz.jei.library.load.PluginCallerTimerRunnable/]: Registering Runtime: jei:debug...
[10Aug2026 18:05:05.392] [Render thread/DEBUG] [mezz.jei.library.load.PluginCallerTimerRunnable/]: Registering Runtime: jei:gui...
[10Aug2026 18:05:05.392] [Render thread/DEBUG] [mezz.jei.library.load.PluginCallerTimerRunnable/]: Registering Runtime: jei:internal...
[10Aug2026 18:05:05.392] [Render thread/INFO] [mezz.jei.library.load.PluginCaller/]: Registering Runtime took 927.3 ms
[10Aug2026 18:05:05.396] [Render thread/INFO] [mezz.jei.core.util.LoggedTimer/]: Building runtime took 978.4 ms
[10Aug2026 18:05:05.397] [Render thread/INFO] [mezz.jei.library.load.PluginCaller/]: Sending Runtime...
[10Aug2026 18:05:05.398] [Render thread/DEBUG] [mezz.jei.library.load.PluginCallerTimerRunnable/]: Sending Runtime: jei:minecraft...
[10Aug2026 18:05:05.398] [Render thread/DEBUG] [mezz.jei.library.load.PluginCallerTimerRunnable/]: Sending Runtime: immersion_in_traffic_context:brewing_recipes...
[10Aug2026 18:05:05.398] [Render thread/DEBUG] [mezz.jei.library.load.PluginCallerTimerRunnable/]: Sending Runtime: immersion_in_traffic_context:jei_plugin...
[10Aug2026 18:05:05.398] [Render thread/DEBUG] [mezz.jei.library.load.PluginCallerTimerRunnable/]: Sending Runtime: jei:neoforge_gui...
[10Aug2026 18:05:05.398] [Render thread/DEBUG] [mezz.jei.library.load.PluginCallerTimerRunnable/]: Sending Runtime: jei:debug...
[10Aug2026 18:05:05.399] [Render thread/DEBUG] [mezz.jei.library.load.PluginCallerTimerRunnable/]: Sending Runtime: jei:gui...
[10Aug2026 18:05:05.399] [Render thread/DEBUG] [mezz.jei.library.load.PluginCallerTimerRunnable/]: Sending Runtime: jei:internal...
[10Aug2026 18:05:05.399] [Render thread/INFO] [mezz.jei.library.load.PluginCaller/]: Sending Runtime took 1.606 ms
[10Aug2026 18:05:05.399] [Render thread/INFO] [mezz.jei.core.util.LoggedTimer/]: Starting JEI took 2.273 s
[10Aug2026 18:05:05.438] [Render thread/INFO] [net.minecraft.advancements.AdvancementTree/]: Loaded 89 advancements
[10Aug2026 18:05:05.647] [JEI Config File Watcher/DEBUG] [mezz.jei.common.config.file.FileWatcherThread/]: Detected changes in files:
C:\Users\29406\MCreatorWorkspaces\immersion_in_traffic_context\run\config\jei\jei-debug.ini
C:\Users\29406\MCreatorWorkspaces\immersion_in_traffic_context\run\config\jei\jei-colors.ini
C:\Users\29406\MCreatorWorkspaces\immersion_in_traffic_context\run\config\jei\jei-mod-id-format.ini
C:\Users\29406\MCreatorWorkspaces\immersion_in_traffic_context\run\config\jei\jei-client.ini
[10Aug2026 18:05:05.938] [Render thread/DEBUG] [mezz.jei.common.config.file.ConfigSerializer/]: Skipping loading config file, it was just saved by us: C:\Users\29406\MCreatorWorkspaces\immersion_in_traffic_context\run\config\jei\jei-debug.ini
[10Aug2026 18:05:11.219] [Render thread/DEBUG] [mezz.jei.common.config.file.ConfigSerializer/]: Skipping loading config file, it was just saved by us: C:\Users\29406\MCreatorWorkspaces\immersion_in_traffic_context\run\config\jei\jei-client.ini
[10Aug2026 18:05:21.308] [Server thread/INFO] [net.minecraft.client.server.IntegratedServer/]: Saving and pausing game...
[10Aug2026 18:05:21.354] [Server thread/INFO] [net.minecraft.server.MinecraftServer/]: Saving chunks for level 'ServerLevel[新的世界]'/minecraft:overworld
[10Aug2026 18:05:21.391] [Server thread/INFO] [net.minecraft.server.MinecraftServer/]: Saving chunks for level 'ServerLevel[新的世界]'/minecraft:the_nether
[10Aug2026 18:05:21.393] [Server thread/INFO] [net.minecraft.server.MinecraftServer/]: Saving chunks for level 'ServerLevel[新的世界]'/minecraft:the_end
[10Aug2026 18:05:21.396] [Server thread/DEBUG] [net.neoforged.neoforge.common.CommonHooks/WP]: Gathered mod list to write to world save 新的世界
